experiment,family,model,score,hyperparameters,threshold_source,data_split,metric_split,n_samples,n_id,n_ood,auroc,aupr,fpr95,threshold,f1,precision,recall,tpr,fpr,accuracy,balanced_accuracy,tn,fp,fn,tp,fit_seconds,model_source,model_key,score_seconds
experiment1_overall_comparison,Class-wise boundary,Centroid distance,nearest_centroid_distance,"distance=cosine, threshold_percentile=95",validation_best_f1,validation,Overall,2209,496,1713,0.9434860083234469,0.9829823002804317,0.3346774193548387,0.05807536840438843,0.9304174950298211,0.9059734513274337,0.9562171628721541,0.9562171628721541,0.34274193548387094,0.8890900860117701,0.8067376136941415,326,170,75,1638,0.0011575836688280106,loaded,centroid,
experiment1_overall_comparison,Class-wise boundary,Centroid distance,nearest_centroid_distance,"distance=cosine, threshold_percentile=95",validation_best_f1,validation,Near-OOD,1029,496,533,0.8362131574169338,0.815623430566703,0.5766129032258065,0.05807536840438843,0.788975021533161,0.7292993630573248,0.8592870544090057,0.8592870544090057,0.34274193548387094,0.7619047619047619,0.7582725594625673,326,170,75,458,0.0011575836688280106,loaded,centroid,
experiment1_overall_comparison,Class-wise boundary,Centroid distance,nearest_centroid_distance,"distance=cosine, threshold_percentile=95",validation_best_f1,validation,Far-OOD,1676,496,1180,0.9919406096227447,0.9961420913709329,0.04435483870967742,0.05807536840438843,0.932806324110672,0.8740740740740741,1.0,1.0,0.34274193548387094,0.8985680190930787,0.8286290322580645,326,170,0,1180,0.0011575836688280106,loaded,centroid,
experiment1_overall_comparison,Class-wise boundary,Centroid distance,nearest_centroid_distance,"distance=cosine, threshold_percentile=95",validation_best_f1,eval,Overall,8823,1984,6839,0.9445905008749629,0.9833137616712153,0.3240927419354839,0.05807536840438843,0.9289726270885176,0.9040963188486023,0.9552566164643954,0.9552566164643954,0.3492943548387097,0.8867732063923836,0.802981130812843,1291,693,306,6533,0.0011575836688280106,loaded,centroid,0.004020791966468096
experiment1_overall_comparison,Class-wise boundary,Centroid distance,nearest_centroid_distance,"distance=cosine, threshold_percentile=95",validation_best_f1,eval,Near-OOD,4122,1984,2138,0.837538002806361,0.8200723861522676,0.5877016129032258,0.05807536840438843,0.7857602401887197,0.7255445544554455,0.8568755846585594,0.8568755846585594,0.3492943548387097,0.75764192139738,0.7537906149099249,1291,693,306,1832,0.0011575836688280106,loaded,centroid,0.004020791966468096
experiment1_overall_comparison,Class-wise boundary,Centroid distance,nearest_centroid_distance,"distance=cosine, threshold_percentile=95",validation_best_f1,eval,Far-OOD,6685,1984,4701,0.9932776399667882,0.9965747150625083,0.034274193548387094,0.05807536840438843,0.9313521545319465,0.871523915461624,1.0,1.0,0.3492943548387097,0.8963350785340314,0.8253528225806452,1291,693,0,4701,0.0011575836688280106,loaded,centroid,0.004020791966468096
experiment1_overall_comparison,Class-wise boundary,Class-wise radius,distance_minus_radius,"distance=cosine, radius_percentile=90, minimum_radius=1e-6",validation_best_f1,validation,Overall,2209,496,1713,0.9158380882436021,0.9764040370287651,0.6310483870967742,-0.03915564715862274,0.9078986587183309,0.9275274056029232,0.8890834792761237,0.8890834792761237,0.2399193548387097,0.8601177003168855,0.824582062218707,377,119,190,1523,0.0012188749387860298,loaded,radius,
experiment1_overall_comparison,Class-wise boundary,Class-wise radius,distance_minus_radius,"distance=cosine, radius_percentile=90, minimum_radius=1e-6",validation_best_f1,validation,Near-OOD,1029,496,533,0.7452603946014645,0.7603901127464552,0.780241935483871,-0.03915564715862274,0.6946946946946947,0.7446351931330472,0.651031894934334,0.651031894934334,0.2399193548387097,0.7035957240038873,0.7055562700478122,377,119,186,347,0.0012188749387860298,loaded,radius,
experiment1_overall_comparison,Class-wise boundary,Class-wise radius,distance_minus_radius,"distance=cosine, radius_percentile=90, minimum_radius=1e-6",validation_best_f1,validation,Far-OOD,1676,496,1180,0.9928871651175505,0.9967377954447305,0.020161290322580645,-0.03915564715862274,0.9503030303030303,0.9081081081081082,0.9966101694915255,0.9966101694915255,0.2399193548387097,0.9266109785202864,0.8783454073264079,377,119,4,1176,0.0012188749387860298,loaded,radius,
experiment1_overall_comparison,Class-wise boundary,Class-wise radius,distance_minus_radius,"distance=cosine, radius_percentile=90, minimum_radius=1e-6",validation_best_f1,eval,Overall,8823,1984,6839,0.9135499554264206,0.9760619131636692,0.6134072580645161,-0.03915564715862274,0.9002403846153846,0.9256913332303415,0.8761514841351075,0.8761514841351075,0.24243951612903225,0.8494843023914769,0.8168559840030376,1503,481,847,5992,0.0012188749387860298,loaded,radius,0.0030314591713249683
experiment1_overall_comparison,Class-wise boundary,Class-wise radius,distance_minus_radius,"distance=cosine, radius_percentile=90, minimum_radius=1e-6",validation_best_f1,eval,Near-OOD,4122,1984,2138,0.7333737722170253,0.7527781497124871,0.8160282258064516,-0.03915564715862274,0.6624106230847804,0.7294713160854893,0.6066417212347989,0.6066417212347989,0.24243951612903225,0.6792819019893256,0.6821011025528834,1503,481,841,1297,0.0012188749387860298,loaded,radius,0.0030314591713249683
experiment1_overall_comparison,Class-wise boundary,Class-wise radius,distance_minus_radius,"distance=cosine, radius_percentile=90, minimum_radius=1e-6",validation_best_f1,eval,Far-OOD,6685,1984,4701,0.9954935163074432,0.9980042898925117,0.02066532258064516,-0.03915564715862274,0.9506935304242179,0.9070710973724884,0.9987236758136566,0.9987236758136566,0.24243951612903225,0.9271503365744204,0.8781420798423122,1503,481,6,4695,0.0012188749387860298,loaded,radius,0.0030314591713249683
experiment1_overall_comparison,Class-wise boundary,Class-wise Mahalanobis,min_class_mahalanobis,"regularization_lambda=1e-2, threshold_percentile=95",validation_best_f1,validation,Overall,2209,496,1713,0.9443145867465115,0.9834071026847584,0.3346774193548387,3.3272268772125244,0.930298719772404,0.9073251942286349,0.9544658493870403,0.9544658493870403,0.33669354838709675,0.8890900860117701,0.8088861504999718,329,167,78,1635,0.0017162919975817204,loaded,class_mahalanobis,
experiment1_overall_comparison,Class-wise boundary,Class-wise Mahalanobis,min_class_mahalanobis,"regularization_lambda=1e-2, threshold_percentile=95",validation_best_f1,validation,Near-OOD,1029,496,533,0.8364855050535617,0.8161361717218264,0.5826612903225806,3.3272268772125244,0.7878787878787878,0.7315112540192926,0.8536585365853658,0.8536585365853658,0.33669354838709675,0.7619047619047619,0.7584824940991346,329,167,78,455,0.0017162919975817204,loaded,class_mahalanobis,
experiment1_overall_comparison,Class-wise boundary,Class-wise Mahalanobis,min_class_mahalanobis,"regularization_lambda=1e-2, threshold_percentile=95",validation_best_f1,validation,Far-OOD,1676,496,1180,0.9930204346637507,0.9967254493104227,0.04032258064516129,3.3272268772125244,0.9339137316976652,0.8760207869339273,1.0,1.0,0.33669354838709675,0.9003579952267303,0.8316532258064516,329,167,0,1180,0.0017162919975817204,loaded,class_mahalanobis,
experiment1_overall_comparison,Class-wise boundary,Class-wise Mahalanobis,min_class_mahalanobis,"regularization_lambda=1e-2, threshold_percentile=95",validation_best_f1,eval,Overall,8823,1984,6839,0.9450601153724605,0.9836981520957574,0.32560483870967744,3.3272268772125244,0.9291461938332265,0.9056079955580233,0.9539406345957011,0.9539406345957011,0.34274193548387094,0.887226566927349,0.8055993495559151,1304,680,315,6524,0.0017162919975817204,loaded,class_mahalanobis,0.1490497076883912
experiment1_overall_comparison,Class-wise boundary,Class-wise Mahalanobis,min_class_mahalanobis,"regularization_lambda=1e-2, threshold_percentile=95",validation_best_f1,eval,Near-OOD,4122,1984,2138,0.8371273273182656,0.820510689620001,0.5957661290322581,3.3272268772125244,0.7856065503124326,0.7283260087894526,0.85266604303087,0.85266604303087,0.34274193548387094,0.7586123241145075,0.7549620537734996,1304,680,315,1823,0.0017162919975817204,loaded,class_mahalanobis,0.1490497076883912
experiment1_overall_comparison,Class-wise boundary,Class-wise Mahalanobis,min_class_mahalanobis,"regularization_lambda=1e-2, threshold_percentile=95",validation_best_f1,eval,Far-OOD,6685,1984,4701,0.9941476075783465,0.9971938833894314,0.03024193548387097,3.3272268772125244,0.9325530648680818,0.873629436907638,1.0,1.0,0.34274193548387094,0.8982797307404637,0.8286290322580645,1304,680,0,4701,0.0017162919975817204,loaded,class_mahalanobis,0.1490497076883912
experiment1_overall_comparison,Distance/support/density,kNN distance,mean_knn_distance,"k=1, distance=cosine, threshold_percentile=95",validation_best_f1,validation,Overall,2209,496,1713,0.9552332259947648,0.9868484498141048,0.2560483870967742,0.03517472743988037,0.9396128286622364,0.9302059496567505,0.9492119089316988,0.9492119089316988,0.24596774193548387,0.9053870529651425,0.8516220834981074,374,122,87,1626,0.03384604211896658,loaded,knn,
experiment1_overall_comparison,Distance/support/density,kNN distance,mean_knn_distance,"k=1, distance=cosine, threshold_percentile=95",validation_best_f1,validation,Near-OOD,1029,496,533,0.8618592265327119,0.8438020768296084,0.4717741935483871,0.03517472743988037,0.810172570390554,0.7852112676056338,0.8367729831144465,0.8367729831144465,0.24596774193548387,0.7968901846452867,0.7954026205894813,374,122,87,446,0.03384604211896658,loaded,knn,
experiment1_overall_comparison,Distance/support/density,kNN distance,mean_knn_distance,"k=1, distance=cosine, threshold_percentile=95",validation_best_f1,validation,Far-OOD,1676,496,1180,0.997409786768726,0.9988705342022827,0.018145161290322582,0.03517472743988037,0.9508460918614021,0.9062980030721967,1.0,1.0,0.24596774193548387,0.9272076372315036,0.877016129032258,374,122,0,1180,0.03384604211896658,loaded,knn,
experiment1_overall_comparison,Distance/support/density,kNN distance,mean_knn_distance,"k=1, distance=cosine, threshold_percentile=95",validation_best_f1,eval,Overall,8823,1984,6839,0.9521304225292322,0.9857618520592855,0.2782258064516129,0.03517472743988037,0.9361948955916474,0.9285200632820365,0.9439976604766779,0.9439976604766779,0.2505040322580645,0.9002606823076051,0.8467468141093066,1487,497,383,6456,0.03384604211896658,loaded,knn,0.5955913751386106
experiment1_overall_comparison,Distance/support/density,kNN distance,mean_knn_distance,"k=1, distance=cosine, threshold_percentile=95",validation_best_f1,eval,Near-OOD,4122,1984,2138,0.8537460111198285,0.8288112166342576,0.4788306451612903,0.03517472743988037,0.7995444191343963,0.7793072824156305,0.8208606173994387,0.8208606173994387,0.2505040322580645,0.7865114022319263,0.7851782925706872,1487,497,383,1755,0.03384604211896658,loaded,knn,0.5955913751386106
experiment1_overall_comparison,Distance/support/density,kNN distance,mean_knn_distance,"k=1, distance=cosine, threshold_percentile=95",validation_best_f1,eval,Far-OOD,6685,1984,4701,0.9968753430978996,0.998528238184063,0.015625,0.03517472743988037,0.9497929083745833,0.9043863024240092,1.0,1.0,0.2505040322580645,0.9256544502617801,0.8747479838709677,1487,497,0,4701,0.03384604211896658,loaded,knn,0.5955913751386106
experiment1_overall_comparison,Distance/support/density,Global Mahalanobis,global_mahalanobis,"LedoitWolf shrinkage, threshold_percentile=95",validation_best_f1,validation,Overall,2209,496,1713,0.937702436773817,0.9824747072544192,0.3850806451612903,18.77642822265625,0.9229891614375356,0.9023982152816509,0.9445417396380619,0.9445417396380619,0.3528225806451613,0.8777727478497057,0.7958595794964503,321,175,95,1618,0.003989416174590588,loaded,global_mahalanobis,
experiment1_overall_comparison,Distance/support/density,Global Mahalanobis,global_mahalanobis,"LedoitWolf shrinkage, threshold_percentile=95",validation_best_f1,validation,Near-OOD,1029,496,533,0.8005507474429583,0.7930102860389932,0.6975806451612904,18.77642822265625,0.7643979057591623,0.7145187601957586,0.8217636022514071,0.8217636022514071,0.3528225806451613,0.7376093294460642,0.7344705108031229,321,175,95,438,0.003989416174590588,loaded,global_mahalanobis,
experiment1_overall_comparison,Distance/support/density,Global Mahalanobis,global_mahalanobis,"LedoitWolf shrinkage, threshold_percentile=95",validation_best_f1,validation,Far-OOD,1676,496,1180,0.9996531574630946,0.9998551576332847,0.0,18.77642822265625,0.9309664694280079,0.8708487084870848,1.0,1.0,0.3528225806451613,0.8955847255369929,0.8235887096774194,321,175,0,1180,0.003989416174590588,loaded,global_mahalanobis,
experiment1_overall_comparison,Distance/support/density,Global Mahalanobis,global_mahalanobis,"LedoitWolf shrinkage, threshold_percentile=95",validation_best_f1,eval,Overall,8823,1984,6839,0.9359572809998631,0.9817779581656867,0.41481854838709675,18.77642822265625,0.9165178890237806,0.8957286432160804,0.9382950723790028,0.9382950723790028,0.37651209677419356,0.8675053836563528,0.7808914878024047,1237,747,422,6417,0.003989416174590588,loaded,global_mahalanobis,1.8065025000832975
experiment1_overall_comparison,Distance/support/density,Global Mahalanobis,global_mahalanobis,"LedoitWolf shrinkage, threshold_percentile=95",validation_best_f1,eval,Near-OOD,4122,1984,2138,0.7967494634343222,0.7782071750951416,0.6300403225806451,18.77642822265625,0.7459247989567486,0.6967113276492083,0.8026192703461179,0.8026192703461179,0.37651209677419356,0.7163998059194566,0.7130535867859622,1237,747,422,1716,0.003989416174590588,loaded,global_mahalanobis,1.8065025000832975
experiment1_overall_comparison,Distance/support/density,Global Mahalanobis,global_mahalanobis,"LedoitWolf shrinkage, threshold_percentile=95",validation_best_f1,eval,Far-OOD,6685,1984,4701,0.999268558165387,0.9996719703594932,0.0020161290322580645,18.77642822265625,0.9263966893289979,0.862885462555066,1.0,1.0,0.37651209677419356,0.8882572924457741,0.8117439516129032,1237,747,0,4701,0.003989416174590588,loaded,global_mahalanobis,1.8065025000832975
experiment1_overall_comparison,Distance/support/density,Gaussian Mixture,negative_log_likelihood,"n_components=62, covariance=full, reg_covar=1e-5",validation_best_f1,validation,Overall,2209,496,1713,0.9609438261491817,0.9885330833228375,0.22782258064516128,-1420.341064453125,0.9455899198167239,0.9280494659921305,0.963806187974314,0.963806187974314,0.25806451612903225,0.9139882299683114,0.8528708359226409,368,128,62,1651,0.03332854202017188,loaded,gmm,
experiment1_overall_comparison,Distance/support/density,Gaussian Mixture,negative_log_likelihood,"n_components=62, covariance=full, reg_covar=1e-5",validation_best_f1,validation,Near-OOD,1029,496,533,0.8769366943049083,0.8599580777404934,0.3850806451612903,-1420.341064453125,0.8321554770318021,0.7863105175292153,0.8836772983114447,0.8836772983114447,0.25806451612903225,0.815354713313897,0.8128063910912062,368,128,62,471,0.03332854202017188,loaded,gmm,
experiment1_overall_comparison,Distance/support/density,Gaussian Mixture,negative_log_likelihood,"n_components=62, covariance=full, reg_covar=1e-5",validation_best_f1,validation,Far-OOD,1676,496,1180,0.9988894204483325,0.9995237958831373,0.006048387096774193,-1420.341064453125,0.9485530546623794,0.9021406727828746,1.0,1.0,0.25806451612903225,0.9236276849642004,0.8709677419354839,368,128,0,1180,0.03332854202017188,loaded,gmm,
experiment1_overall_comparison,Distance/support/density,Gaussian Mixture,negative_log_likelihood,"n_components=62, covariance=full, reg_covar=1e-5",validation_best_f1,eval,Overall,8823,1984,6839,0.959058268163144,0.9876846646904732,0.24546370967741934,-1420.341064453125,0.9416828061114698,0.9242466910729372,0.9597894429010089,0.9597894429010089,0.2711693548387097,0.9078544712682761,0.8443100440311496,1446,538,275,6564,0.03332854202017188,loaded,gmm,0.19543437520042062
experiment1_overall_comparison,Distance/support/density,Gaussian Mixture,negative_log_likelihood,"n_components=62, covariance=full, reg_covar=1e-5",validation_best_f1,eval,Near-OOD,4122,1984,2138,0.8731444163221582,0.8457826240327708,0.38860887096774194,-1420.341064453125,0.82088565763384,0.775926697209496,0.8713751169317119,0.8713751169317119,0.2711693548387097,0.8027656477438136,0.8001028810465012,1446,538,275,1863,0.03332854202017188,loaded,gmm,0.19543437520042062
experiment1_overall_comparison,Distance/support/density,Gaussian Mixture,negative_log_likelihood,"n_components=62, covariance=full, reg_covar=1e-5",validation_best_f1,eval,Far-OOD,6685,1984,4701,0.9981316175007376,0.9990167848303306,0.005040322580645161,-1420.341064453125,0.9458752515090543,0.8973086466882992,1.0,1.0,0.2711693548387097,0.9195213163799552,0.8644153225806452,1446,538,0,4701,0.03332854202017188,loaded,gmm,0.19543437520042062
experiment1_overall_comparison,Distance/support/density,One-Class SVM,negative_decision_function,"kernel=rbf, nu=0.3, gamma=30",validation_best_f1,validation,Overall,2209,496,1713,0.9562348172419637,0.9870195813689405,0.24193548387096775,0.491537868976593,0.9416859122401847,0.9314677327241576,0.9521307647402218,0.9521307647402218,0.24193548387096775,0.9085559076505206,0.8550976404346271,376,120,82,1631,0.004129874985665083,loaded,one_class_svm,
experiment1_overall_comparison,Distance/support/density,One-Class SVM,negative_decision_function,"kernel=rbf, nu=0.3, gamma=30",validation_best_f1,validation,Near-OOD,1029,496,533,0.8644673334140289,0.8557732113169173,0.48185483870967744,0.491537868976593,0.8170289855072463,0.7898423817863398,0.8461538461538461,0.8461538461538461,0.24193548387096775,0.8036929057337221,0.8021091811414391,376,120,82,451,0.004129874985665083,loaded,one_class_svm,
experiment1_overall_comparison,Distance/support/density,One-Class SVM,negative_decision_function,"kernel=rbf, nu=0.3, gamma=30",validation_best_f1,validation,Far-OOD,1676,496,1180,0.9976857230727174,0.9985596254754473,0.010080645161290322,0.491537868976593,0.9516129032258065,0.9076923076923077,1.0,1.0,0.24193548387096775,0.9284009546539379,0.8790322580645161,376,120,0,1180,0.004129874985665083,loaded,one_class_svm,
experiment1_overall_comparison,Distance/support/density,One-Class SVM,negative_decision_function,"kernel=rbf, nu=0.3, gamma=30",validation_best_f1,eval,Overall,8823,1984,6839,0.9531559170247489,0.9852267538090226,0.2550403225806452,0.491537868976593,0.9390701703725094,0.927420504776843,0.9510162304430473,0.9510162304430473,0.2565524193548387,0.904340927122294,0.8472319055441042,1475,509,335,6504,0.004129874985665083,loaded,one_class_svm,6.1312929592095315
experiment1_overall_comparison,Distance/support/density,One-Class SVM,negative_decision_function,"kernel=rbf, nu=0.3, gamma=30",validation_best_f1,eval,Near-OOD,4122,1984,2138,0.8598090146805877,0.8388998827967321,0.4954637096774194,0.491537868976593,0.8103370786516854,0.7798442906574394,0.843311506080449,0.843311506080449,0.2565524193548387,0.7952450266860748,0.7933795433628051,1475,509,335,1803,0.004129874985665083,loaded,one_class_svm,6.1312929592095315
experiment1_overall_comparison,Distance/support/density,One-Class SVM,negative_decision_function,"kernel=rbf, nu=0.3, gamma=30",validation_best_f1,eval,Far-OOD,6685,1984,4701,0.995609794329964,0.9968587355658314,0.010584677419354838,0.491537868976593,0.9486429220058521,0.9023032629558542,1.0,1.0,0.2565524193548387,0.9238593866866118,0.8717237903225806,1475,509,0,4701,0.004129874985665083,loaded,one_class_svm,6.1312929592095315
experiment1_overall_comparison,Distance/support/density,PCA reconstruction,reconstruction_mse,"n_components=256, threshold_percentile=95",validation_best_f1,validation,Overall,2209,496,1713,0.9270745061484285,0.979565355407273,0.4576612903225806,0.00011493370402604342,0.9141242937853107,0.8856048166392994,0.9445417396380619,0.9445417396380619,0.4213709677419355,0.8623811679492983,0.7615853859480632,287,209,95,1618,0.001528874970972538,loaded,pca_reconstruction,
experiment1_overall_comparison,Distance/support/density,PCA reconstruction,reconstruction_mse,"n_components=256, threshold_percentile=95",validation_best_f1,validation,Near-OOD,1029,496,533,0.7681943351691582,0.7653635456379342,0.7439516129032258,0.00011493370402604342,0.7423728813559322,0.6769706336939721,0.8217636022514071,0.8217636022514071,0.4213709677419355,0.7045675413022352,0.7001963172547359,287,209,95,438,0.001528874970972538,loaded,pca_reconstruction,
experiment1_overall_comparison,Distance/support/density,PCA reconstruction,reconstruction_mse,"n_components=256, threshold_percentile=95",validation_best_f1,validation,Far-OOD,1676,496,1180,0.9988398715144887,0.9995130579422205,0.004032258064516129,0.00011493370402604342,0.9186453873102375,0.849532037437005,1.0,1.0,0.4213709677419355,0.8752983293556086,0.7893145161290323,287,209,0,1180,0.001528874970972538,loaded,pca_reconstruction,
experiment1_overall_comparison,Distance/support/density,PCA reconstruction,reconstruction_mse,"n_components=256, threshold_percentile=95",validation_best_f1,eval,Overall,8823,1984,6839,0.926434947926739,0.979201081767761,0.46875,0.00011493370402604342,0.9112492933860938,0.881717489402434,0.9428278988156163,0.9428278988156163,0.43598790322580644,0.8576447920208545,0.753419997794905,1119,865,391,6448,0.001528874970972538,loaded,pca_reconstruction,0.0045465826988220215
experiment1_overall_comparison,Distance/support/density,PCA reconstruction,reconstruction_mse,"n_components=256, threshold_percentile=95",validation_best_f1,eval,Near-OOD,4122,1984,2138,0.7679714139684359,0.7552454076912949,0.7217741935483871,0.00011493370402604342,0.735578947368421,0.6688361408882083,0.8171188026192704,0.8171188026192704,0.43598790322580644,0.6952935468219311,0.690565449696732,1119,865,391,1747,0.001528874970972538,loaded,pca_reconstruction,0.0045465826988220215
experiment1_overall_comparison,Distance/support/density,PCA reconstruction,reconstruction_mse,"n_components=256, threshold_percentile=95",validation_best_f1,eval,Far-OOD,6685,1984,4701,0.9985036642855672,0.9993407344741212,0.005544354838709678,0.00011493370402604342,0.9157494886529658,0.8445921667265541,1.0,1.0,0.43598790322580644,0.8706058339566193,0.7820060483870968,1119,865,0,4701,0.001528874970972538,loaded,pca_reconstruction,0.0045465826988220215
experiment1_overall_comparison,Anomaly detection,Isolation Forest,negative_decision_function,"n_estimators=200, contamination=auto",validation_best_f1,validation,Overall,2209,496,1713,0.8014624879950285,0.9247540629513168,0.6673387096774194,-0.031851526349782944,0.889132821075741,0.8389435525634387,0.9457092819614711,0.9457092819614711,0.6270161290322581,0.8171118153010412,0.6593465764646065,185,311,93,1620,0.0051344577223062515,loaded,isolation_forest,
experiment1_overall_comparison,Anomaly detection,Isolation Forest,negative_decision_function,"n_estimators=200, contamination=auto",validation_best_f1,validation,Near-OOD,1029,496,533,0.6362229921927011,0.6309742164682101,0.844758064516129,-0.031851526349782944,0.6904577191621412,0.5886243386243386,0.8348968105065666,0.8348968105065666,0.6270161290322581,0.6122448979591837,0.6039403407371543,185,311,88,445,0.0051344577223062515,loaded,isolation_forest,
experiment1_overall_comparison,Anomaly detection,Isolation Forest,negative_decision_function,"n_estimators=200, contamination=auto",validation_best_f1,validation,Far-OOD,1676,496,1180,0.8761003280481137,0.9306673418948215,0.42338709677419356,-0.031851526349782944,0.881470367591898,0.7907133243606999,0.9957627118644068,0.9957627118644068,0.6270161290322581,0.8114558472553699,0.6843732914160744,185,311,5,1175,0.0051344577223062515,loaded,isolation_forest,
experiment1_overall_comparison,Anomaly detection,Isolation Forest,negative_decision_function,"n_estimators=200, contamination=auto",validation_best_f1,eval,Overall,8823,1984,6839,0.7984874757675382,0.9277443553148836,0.6985887096774194,-0.031851526349782944,0.8805949593719873,0.8322269946635429,0.9349320076034507,0.9349320076034507,0.6496975806451613,0.8034682080924855,0.6426172134791447,695,1289,445,6394,0.0051344577223062515,loaded,isolation_forest,0.07879612501710653
experiment1_overall_comparison,Anomaly detection,Isolation Forest,negative_decision_function,"n_estimators=200, contamination=auto",validation_best_f1,eval,Near-OOD,4122,1984,2138,0.6176575843417121,0.6282351051064061,0.8452620967741935,-0.031851526349782944,0.6727343144848954,0.5740251156642432,0.8124415341440598,0.8124415341440598,0.6496975806451613,0.5900048520135857,0.5813719767494493,695,1289,401,1737,0.0051344577223062515,loaded,isolation_forest,0.07879612501710653
experiment1_overall_comparison,Anomaly detection,Isolation Forest,negative_decision_function,"n_estimators=200, contamination=auto",validation_best_f1,eval,Far-OOD,6685,1984,4701,0.8807283410873459,0.9376026135713724,0.43598790322580644,-0.031851526349782944,0.8748004132619517,0.7832156071308443,0.9906402893001489,0.9906402893001489,0.6496975806451613,0.8005983545250561,0.6704713543274938,695,1289,44,4657,0.0051344577223062515,loaded,isolation_forest,0.07879612501710653
experiment1_overall_comparison,Anomaly detection,Local Outlier Factor,negative_score_samples,"n_neighbors=20, novelty=True",validation_best_f1,validation,Overall,2209,496,1713,0.9399916200591305,0.9803098326644346,0.3245967741935484,1.1408424377441406,0.9300877441268044,0.9027472527472528,0.9591360186806772,0.9591360186806772,0.35685483870967744,0.8881846989588049,0.8011405899855,319,177,70,1643,0.0037369579076766968,loaded,lof,
experiment1_overall_comparison,Anomaly detection,Local Outlier Factor,negative_score_samples,"n_neighbors=20, novelty=True",validation_best_f1,validation,Near-OOD,1029,496,533,0.8248086001331478,0.7995745384726629,0.5181451612903226,1.1408424377441406,0.7894288150042625,0.7234375,0.8686679174484052,0.8686679174484052,0.35685483870967744,0.7599611273080661,0.7559065393693639,319,177,70,463,0.0037369579076766968,loaded,lof,
experiment1_overall_comparison,Anomaly detection,Local Outlier Factor,negative_score_samples,"n_neighbors=20, novelty=True",validation_best_f1,validation,Far-OOD,1676,496,1180,0.9920192044833241,0.9939992285780329,0.028225806451612902,1.1408424377441406,0.9302325581395349,0.8695652173913043,1.0,1.0,0.35685483870967744,0.8943914081145584,0.8215725806451613,319,177,0,1180,0.0037369579076766968,loaded,lof,
experiment1_overall_comparison,Anomaly detection,Local Outlier Factor,negative_score_samples,"n_neighbors=20, novelty=True",validation_best_f1,eval,Overall,8823,1984,6839,0.9350694206967629,0.9793558852959641,0.34475806451612906,1.1408424377441406,0.9271252204585538,0.8957197382769901,0.9608129843544377,0.9608129843544377,0.3855846774193548,0.8829196418451773,0.7876141534675414,1219,765,268,6571,0.0037369579076766968,loaded,lof,0.33508795918896794
experiment1_overall_comparison,Anomaly detection,Local Outlier Factor,negative_score_samples,"n_neighbors=20, novelty=True",validation_best_f1,eval,Near-OOD,4122,1984,2138,0.8109161175276866,0.7774379702144869,0.545866935483871,1.1408424377441406,0.783574271946365,0.7096774193548387,0.8746492048643593,0.8746492048643593,0.3855846774193548,0.7493934983017952,0.7445322637225023,1219,765,268,1870,0.0037369579076766968,loaded,lof,0.33508795918896794
experiment1_overall_comparison,Anomaly detection,Local Outlier Factor,negative_score_samples,"n_neighbors=20, novelty=True",validation_best_f1,eval,Far-OOD,6685,1984,4701,0.9915339521103952,0.9947022921054349,0.029233870967741934,1.1408424377441406,0.9247565653585128,0.8600439077936334,1.0,1.0,0.3855846774193548,0.8855646970830217,0.8072076612903225,1219,765,0,4701,0.0037369579076766968,loaded,lof,0.33508795918896794
experiment1_overall_comparison,Classifier-output scoring,Logistic Regression + MSP,MSP,default classifier settings,validation_best_f1,validation,Overall,2209,496,1713,0.9061387774701994,0.9697811156163597,0.4334677419354839,0.05489182472229004,0.9176604202157865,0.8933112216694307,0.9433741973146527,0.9433741973146527,0.38911290322580644,0.8687188773200544,0.777130647044423,303,193,97,1616,0.0014898329973220825,loaded,lr_msp,
experiment1_overall_comparison,Classifier-output scoring,Logistic Regression + MSP,MSP,default classifier settings,validation_best_f1,validation,Near-OOD,1029,496,533,0.813230042970405,0.7979599229260126,0.5987903225806451,0.05489182472229004,0.776748104465038,0.7048929663608563,0.8649155722326454,0.8649155722326454,0.38911290322580644,0.7424684159378037,0.7379013345034194,303,193,72,461,0.0014898329973220825,loaded,lr_msp,
experiment1_overall_comparison,Classifier-output scoring,Logistic Regression + MSP,MSP,default classifier settings,validation_best_f1,validation,Far-OOD,1676,496,1180,0.9481051804264626,0.9770204909172693,0.28830645161290325,0.05489182472229004,0.9137658227848101,0.8568249258160238,0.9788135593220338,0.9788135593220338,0.38911290322580644,0.869928400954654,0.7948503280481136,303,193,25,1155,0.0014898329973220825,loaded,lr_msp,
experiment1_overall_comparison,Classifier-output scoring,Logistic Regression + MSP,MSP,default classifier settings,validation_best_f1,eval,Overall,8823,1984,6839,0.9010632729624686,0.9684565334020659,0.46118951612903225,0.05489182472229004,0.908817635270541,0.8900883218842002,0.9283520982599796,0.9283520982599796,0.3951612903225806,0.8556046696135101,0.7665954039686995,1200,784,490,6349,0.0014898329973220825,loaded,lr_msp,0.005906333215534687
experiment1_overall_comparison,Classifier-output scoring,Logistic Regression + MSP,MSP,default classifier settings,validation_best_f1,eval,Near-OOD,4122,1984,2138,0.797724051532937,0.7816110862661547,0.6113911290322581,0.05489182472229004,0.7496790757381258,0.6908517350157729,0.8194574368568756,0.8194574368568756,0.3951612903225806,0.7161572052401747,0.7121480732671475,1200,784,386,1752,0.0014898329973220825,loaded,lr_msp,0.005906333215534687
experiment1_overall_comparison,Classifier-output scoring,Logistic Regression + MSP,MSP,default classifier settings,validation_best_f1,eval,Far-OOD,6685,1984,4701,0.9480616255292285,0.9773445885099767,0.29788306451612906,0.05489182472229004,0.9119222376512597,0.8543021743170415,0.9778770474367156,0.9778770474367156,0.3951612903225806,0.8671652954375467,0.7913578785570674,1200,784,104,4597,0.0014898329973220825,loaded,lr_msp,0.005906333215534687
experiment1_overall_comparison,Classifier-output scoring,Logistic Regression + Entropy,Entropy,default classifier settings,validation_best_f1,validation,Overall,2209,496,1713,0.9216663841967497,0.9764485145193283,0.43548387096774194,0.28842297196388245,0.9186738452819495,0.8926211453744494,0.9462930531231757,0.9462930531231757,0.39314516129032256,0.870076957899502,0.7765739459164265,301,195,92,1621,0.000163292046636343,loaded,lr_entropy,
experiment1_overall_comparison,Classifier-output scoring,Logistic Regression + Entropy,Entropy,default classifier settings,validation_best_f1,validation,Near-OOD,1029,496,533,0.8180150396417115,0.8059384841899206,0.592741935483871,0.28842297196388245,0.7733782645324347,0.7018348623853211,0.8611632270168855,0.8611632270168855,0.39314516129032256,0.738581146744412,0.7340090328632815,301,195,74,459,0.000163292046636343,loaded,lr_entropy,
experiment1_overall_comparison,Classifier-output scoring,Logistic Regression + Entropy,Entropy,default classifier settings,validation_best_f1,validation,Far-OOD,1676,496,1180,0.9684851694915255,0.9872167454308748,0.22580645161290322,0.28842297196388245,0.916042569964525,0.8563006632277081,0.9847457627118644,0.9847457627118644,0.39314516129032256,0.8729116945107399,0.7958003007107709,301,195,18,1162,0.000163292046636343,loaded,lr_entropy,
experiment1_overall_comparison,Classifier-output scoring,Logistic Regression + Entropy,Entropy,default classifier settings,validation_best_f1,eval,Overall,8823,1984,6839,0.9179701687192525,0.9755011667073725,0.45161290322580644,0.28842297196388245,0.910180495113077,0.8886876567288938,0.9327387044889603,0.9327387044889603,0.4027217741935484,0.8573047716196305,0.765008465147706,1185,799,460,6379,0.000163292046636343,loaded,lr_entropy,0.008454000111669302
experiment1_overall_comparison,Classifier-output scoring,Logistic Regression + Entropy,Entropy,default classifier settings,validation_best_f1,eval,Near-OOD,4122,1984,2138,0.805545627885573,0.7981897335011858,0.6149193548387096,0.28842297196388245,0.7478149648262631,0.6870348609479044,0.8203928905519177,0.8203928905519177,0.4027217741935484,0.7130033964095099,0.7088355581791846,1185,799,384,1754,0.000163292046636343,loaded,lr_entropy,0.008454000111669302
experiment1_overall_comparison,Classifier-output scoring,Logistic Regression + Entropy,Entropy,default classifier settings,validation_best_f1,eval,Far-OOD,6685,1984,4701,0.9691004959480138,0.9874885788689327,0.24243951612903225,0.28842297196388245,0.9135802469135802,0.8526917404129793,0.9838332269729845,0.9838332269729845,0.4027217741935484,0.8691099476439791,0.790555726389718,1185,799,76,4625,0.000163292046636343,loaded,lr_entropy,0.008454000111669302
experiment1_overall_comparison,Classifier-output scoring,Logistic Regression + Margin,Margin,default classifier settings,validation_best_f1,validation,Overall,2209,496,1713,0.8870720580758149,0.9569529390309446,0.45161290322580644,0.09232109785079956,0.9163096258211939,0.8970917225950783,0.9363689433741973,0.9363689433741973,0.3709677419354839,0.8673607967406066,0.7827006007193567,312,184,109,1604,0.00017375033348798752,loaded,lr_margin,
experiment1_overall_comparison,Classifier-output scoring,Logistic Regression + Margin,Margin,default classifier settings,validation_best_f1,validation,Near-OOD,1029,496,533,0.808649307026569,0.7856106455046112,0.594758064516129,0.09232109785079956,0.7774936061381074,0.7125,0.8555347091932458,0.8555347091932458,0.3709677419354839,0.7463556851311953,0.742283483628881,312,184,77,456,0.00017375033348798752,loaded,lr_margin,
experiment1_overall_comparison,Classifier-output scoring,Logistic Regression + Margin,Margin,default classifier settings,validation_best_f1,validation,Far-OOD,1676,496,1180,0.9224952159650083,0.9572436389951104,0.31451612903225806,0.09232109785079956,0.9140127388535032,0.8618618618618619,0.9728813559322034,0.9728813559322034,0.3709677419354839,0.8711217183770883,0.8009568069983597,312,184,32,1148,0.00017375033348798752,loaded,lr_margin,
experiment1_overall_comparison,Classifier-output scoring,Logistic Regression + Margin,Margin,default classifier settings,validation_best_f1,eval,Overall,8823,1984,6839,0.8805653592536167,0.9540658765469701,0.4642137096774194,0.09232109785079956,0.9050705848458658,0.8918381831085876,0.9187015645562217,0.9187015645562217,0.3840725806451613,0.8506177037288905,0.7673144919555301,1222,762,556,6283,0.00017375033348798752,loaded,lr_margin,0.0064643751829862595
experiment1_overall_comparison,Classifier-output scoring,Logistic Regression + Margin,Margin,default classifier settings,validation_best_f1,eval,Near-OOD,4122,1984,2138,0.7930122457678264,0.7651877455439193,0.6013104838709677,0.09232109785079956,0.7475707190671561,0.694344163658243,0.8096351730589336,0.8096351730589336,0.3840725806451613,0.7163998059194566,0.7127812962068862,1222,762,407,1731,0.00017375033348798752,loaded,lr_margin,0.0064643751829862595
experiment1_overall_comparison,Classifier-output scoring,Logistic Regression + Margin,Margin,default classifier settings,validation_best_f1,eval,Far-OOD,6685,1984,4701,0.920384239626435,0.9554021932522035,0.3180443548387097,0.09232109785079956,0.909036445332002,0.8566051938276251,0.9683046160391406,0.9683046160391406,0.3840725806451613,0.8637247569184742,0.7921160176969897,1222,762,149,4552,0.00017375033348798752,loaded,lr_margin,0.0064643751829862595
experiment1_overall_comparison,Classifier-output scoring,Logistic Regression + MaxLogit,MaxLogit,default classifier settings,validation_best_f1,validation,Overall,2209,496,1713,0.937044517258912,0.9813991539550717,0.36088709677419356,-9.52241325378418,0.9261055634807418,0.9056919642857143,0.9474605954465849,0.9474605954465849,0.3407258064516129,0.882752376641014,0.803367394497486,327,169,90,1623,0.0001788749359548092,loaded,lr_max_logit,
experiment1_overall_comparison,Classifier-output scoring,Logistic Regression + MaxLogit,MaxLogit,default classifier settings,validation_best_f1,validation,Near-OOD,1029,496,533,0.8255386431035525,0.8164472631526323,0.6169354838709677,-9.52241325378418,0.7801911381407471,0.7265372168284789,0.8424015009380863,0.8424015009380863,0.3407258064516129,0.7541302235179786,0.7508378472432367,327,169,84,449,0.0001788749359548092,loaded,lr_max_logit,
experiment1_overall_comparison,Classifier-output scoring,Logistic Regression + MaxLogit,MaxLogit,default classifier settings,validation_best_f1,validation,Far-OOD,1676,496,1180,0.9874111536358667,0.9945364224821067,0.06048387096774194,-9.52241325378418,0.9306381292112564,0.874162323157111,0.9949152542372881,0.9949152542372881,0.3407258064516129,0.8955847255369929,0.8270947238928377,327,169,6,1174,0.0001788749359548092,loaded,lr_max_logit,
experiment1_overall_comparison,Classifier-output scoring,Logistic Regression + MaxLogit,MaxLogit,default classifier settings,validation_best_f1,eval,Overall,8823,1984,6839,0.9321974907315256,0.980184021104111,0.4022177419354839,-9.52241325378418,0.9156157670966347,0.9026712134129014,0.9289369790905103,0.9289369790905103,0.34526209677419356,0.86727870338887,0.7918374411581584,1299,685,486,6353,0.0001788749359548092,loaded,lr_max_logit,0.004248250275850296
experiment1_overall_comparison,Classifier-output scoring,Logistic Regression + MaxLogit,MaxLogit,default classifier settings,validation_best_f1,eval,Near-OOD,4122,1984,2138,0.8098045590165666,0.8061654008767914,0.6527217741935484,-9.52241325378418,0.7467258601553829,0.710604140261935,0.7867165575304023,0.7867165575304023,0.34526209677419356,0.7231926249393499,0.7207272303781044,1299,685,456,1682,0.0001788749359548092,loaded,lr_max_logit,0.004248250275850296
experiment1_overall_comparison,Classifier-output scoring,Logistic Regression + MaxLogit,MaxLogit,default classifier settings,validation_best_f1,eval,Far-OOD,6685,1984,4701,0.9878614107499434,0.9948443662994085,0.057459677419354836,-9.52241325378418,0.9289052401312519,0.8721060492905153,0.9936183790682833,0.9936183790682833,0.34526209677419356,0.8930441286462228,0.8241781411470449,1299,685,30,4671,0.0001788749359548092,loaded,lr_max_logit,0.004248250275850296
experiment1_overall_comparison,Classifier-output scoring,Logistic Regression + Energy,Energy,default classifier settings,validation_best_f1,validation,Overall,2209,496,1713,0.9377695233790936,0.9818818108084703,0.3467741935483871,-9.661263465881348,0.9276522733771805,0.9091928251121076,0.9468768242848803,0.9468768242848803,0.32661290322580644,0.8854685377999094,0.810131960529537,334,162,91,1622,0.00015654228627681732,loaded,lr_energy,
experiment1_overall_comparison,Classifier-output scoring,Logistic Regression + Energy,Energy,default classifier settings,validation_best_f1,validation,Near-OOD,1029,496,533,0.8208822550384314,0.8066552332197221,0.6108870967741935,-9.661263465881348,0.7817703768624014,0.7335526315789473,0.8367729831144465,0.8367729831144465,0.32661290322580644,0.7580174927113703,0.75508003994432,334,162,87,446,0.00015654228627681732,loaded,lr_energy,
experiment1_overall_comparison,Classifier-output scoring,Logistic Regression + Energy,Energy,default classifier settings,validation_best_f1,validation,Far-OOD,1676,496,1180,0.9905669081465283,0.996091150791846,0.03024193548387097,-9.661263465881348,0.9340746624305004,0.8789237668161435,0.9966101694915255,0.9966101694915255,0.32661290322580644,0.9009546539379475,0.8349986331328595,334,162,4,1176,0.00015654228627681732,loaded,lr_energy,
experiment1_overall_comparison,Classifier-output scoring,Logistic Regression + Energy,Energy,default classifier settings,validation_best_f1,eval,Overall,8823,1984,6839,0.9330849088364175,0.9805865458515655,0.3865927419354839,-9.661263465881348,0.9198470528821874,0.907861008259755,0.9321538236584296,0.9321538236584296,0.32610887096774194,0.8740791114133515,0.8030224763453438,1337,647,464,6375,0.00015654228627681732,loaded,lr_energy,0.007859708741307259
experiment1_overall_comparison,Classifier-output scoring,Logistic Regression + Energy,Energy,default classifier settings,validation_best_f1,eval,Near-OOD,4122,1984,2138,0.806302147771508,0.798820846653193,0.657258064516129,-9.661263465881348,0.7561411344350156,0.7235042735042735,0.7918615528531338,0.7918615528531338,0.32610887096774194,0.735080058224163,0.7328763409426959,1337,647,445,1693,0.00015654228627681732,loaded,lr_energy,0.007859708741307259
experiment1_overall_comparison,Classifier-output scoring,Logistic Regression + Energy,Energy,default classifier settings,validation_best_f1,eval,Far-OOD,6685,1984,4701,0.9907453094228408,0.9961615988217103,0.03578629032258065,-9.661263465881348,0.9335992023928216,0.8785888534434227,0.9959583067432461,0.9959583067432461,0.32610887096774194,0.90037397157816,0.8349247178877521,1337,647,19,4682,0.00015654228627681732,loaded,lr_energy,0.007859708741307259
experiment1_overall_comparison,Classifier-output scoring,MLP + MSP,MSP,default classifier settings,validation_best_f1,validation,Overall,2209,496,1713,0.8743738583507523,0.9538853397692095,0.532258064516129,1.9073486328125e-05,0.9088863892013498,0.8768312533912099,0.9433741973146527,0.9433741973146527,0.4576612903225806,0.8533272974196469,0.742856453496036,269,227,97,1616,0.0038074590265750885,loaded,mlp_msp,
experiment1_overall_comparison,Classifier-output scoring,MLP + MSP,MSP,default classifier settings,validation_best_f1,validation,Near-OOD,1029,496,533,0.7726162016582945,0.7687676751373251,0.7862903225806451,1.9073486328125e-05,0.7406793703396851,0.6632047477744807,0.8386491557223265,0.8386491557223265,0.4576612903225806,0.6958211856171039,0.6904939326998729,269,227,86,447,0.0038074590265750885,loaded,mlp_msp,
experiment1_overall_comparison,Classifier-output scoring,MLP + MSP,MSP,default classifier settings,validation_best_f1,validation,Far-OOD,1676,496,1180,0.9203372744669218,0.9564336250698509,0.29435483870967744,1.9073486328125e-05,0.907608695652174,0.8373925501432665,0.9906779661016949,0.9906779661016949,0.4576612903225806,0.8579952267303103,0.7665083378895572,269,227,11,1169,0.0038074590265750885,loaded,mlp_msp,
experiment1_overall_comparison,Classifier-output scoring,MLP + MSP,MSP,default classifier settings,validation_best_f1,eval,Overall,8823,1984,6839,0.8660185121858033,0.9513734517676535,0.5463709677419355,1.9073486328125e-05,0.9019079367331017,0.8757575757575757,0.9296680801286737,0.9296680801286737,0.45463709677419356,0.8432505950357021,0.7375154916772402,1082,902,481,6358,0.0038074590265750885,loaded,mlp_msp,0.021290000062435865
experiment1_overall_comparison,Classifier-output scoring,MLP + MSP,MSP,default classifier settings,validation_best_f1,eval,Near-OOD,4122,1984,2138,0.7579321428302,0.7601796776216299,0.7641129032258065,1.9073486328125e-05,0.7229573618987608,0.6561189477697293,0.8049579045837231,0.8049579045837231,0.45463709677419356,0.6800097040271713,0.6751604039047647,1082,902,417,1721,0.0038074590265750885,loaded,mlp_msp,0.021290000062435865
experiment1_overall_comparison,Classifier-output scoring,MLP + MSP,MSP,default classifier settings,validation_best_f1,eval,Far-OOD,6685,1984,4701,0.9151758526840549,0.9543093771048533,0.30393145161290325,1.9073486328125e-05,0.9056640625,0.837154721068785,0.9863858753456711,0.9863858753456711,0.45463709677419356,0.8554973821989529,0.7658743892857388,1082,902,64,4637,0.0038074590265750885,loaded,mlp_msp,0.021290000062435865
experiment1_overall_comparison,Classifier-output scoring,MLP + Entropy,Entropy,default classifier settings,validation_best_f1,validation,Overall,2209,496,1713,0.8780871608007079,0.9574002109687102,0.532258064516129,0.00023175675596576184,0.9089376053962901,0.8764227642276423,0.9439579684763573,0.9439579684763573,0.4596774193548387,0.8533272974196469,0.7421402745607593,268,228,96,1617,0.0012572086416184902,loaded,mlp_entropy,
experiment1_overall_comparison,Classifier-output scoring,MLP + Entropy,Entropy,default classifier settings,validation_best_f1,validation,Near-OOD,1029,496,533,0.7727448102644798,0.769693905664663,0.7620967741935484,0.00023175675596576184,0.7411083540115798,0.6627218934911243,0.8405253283302064,0.8405253283302064,0.4596774193548387,0.6958211856171039,0.6904239544876838,268,228,85,448,0.0012572086416184902,loaded,mlp_entropy,
experiment1_overall_comparison,Classifier-output scoring,MLP + Entropy,Entropy,default classifier settings,validation_best_f1,validation,Far-OOD,1676,496,1180,0.925669764898852,0.9620191487720555,0.29838709677419356,0.00023175675596576184,0.9072564998059759,0.8367931281317108,0.9906779661016949,0.9906779661016949,0.4596774193548387,0.8573985680190931,0.7655002733734281,268,228,11,1169,0.0012572086416184902,loaded,mlp_entropy,
experiment1_overall_comparison,Classifier-output scoring,MLP + Entropy,Entropy,default classifier settings,validation_best_f1,eval,Overall,8823,1984,6839,0.8693593933512257,0.9545657059586657,0.5448588709677419,0.00023175675596576184,0.902041394953218,0.8753611225753198,0.9303991811668373,0.9303991811668373,0.4566532258064516,0.8433639351694435,0.7368729776801928,1078,906,476,6363,0.0012572086416184902,loaded,mlp_entropy,0.023935750126838684
experiment1_overall_comparison,Classifier-output scoring,MLP + Entropy,Entropy,default classifier settings,validation_best_f1,eval,Near-OOD,4122,1984,2138,0.7578002410302062,0.7604189184995533,0.7615927419354839,0.00023175675596576184,0.7228865114327669,0.6553822746291366,0.8058933582787652,0.8058933582787652,0.4566532258064516,0.6795245026686074,0.6746200662361568,1078,906,415,1723,0.0012572086416184902,loaded,mlp_entropy,0.023935750126838684
experiment1_overall_comparison,Classifier-output scoring,MLP + Entropy,Entropy,default classifier settings,validation_best_f1,eval,Far-OOD,6685,1984,4701,0.9200961446089025,0.9594317695981867,0.3034274193548387,0.00023175675596576184,0.9056309163657655,0.8366390191128742,0.9870240374388428,0.9870240374388428,0.4566532258064516,0.8553477935676889,0.7651854058161955,1078,906,61,4640,0.0012572086416184902,loaded,mlp_entropy,0.023935750126838684
experiment1_overall_comparison,Classifier-output scoring,MLP + Margin,Margin,default classifier settings,validation_best_f1,validation,Overall,2209,496,1713,0.8721594118976329,0.9508818316678588,0.5342741935483871,3.8623809814453125e-05,0.9090909090909091,0.8802624384909786,0.939871570344425,0.939871570344425,0.4415322580645161,0.854232684472612,0.7491696561399545,277,219,103,1610,0.00123541709035635,loaded,mlp_margin,
experiment1_overall_comparison,Classifier-output scoring,MLP + Margin,Margin,default classifier settings,validation_best_f1,validation,Near-OOD,1029,496,533,0.7732233099316105,0.7677341047043927,0.7580645161290323,3.8623809814453125e-05,0.7414225941422594,0.6691842900302115,0.8311444652908068,0.8311444652908068,0.4415322580645161,0.6997084548104956,0.6948061036131453,277,219,90,443,0.00123541709035635,loaded,mlp_margin,
experiment1_overall_comparison,Classifier-output scoring,MLP + Margin,Margin,default classifier settings,validation_best_f1,validation,Far-OOD,1676,496,1180,0.91684834609076,0.9514714496762544,0.28830645161290325,3.8623809814453125e-05,0.9095869056897895,0.841991341991342,0.9889830508474576,0.9889830508474576,0.4415322580645161,0.8615751789976134,0.7737253963914708,277,219,13,1167,0.00123541709035635,loaded,mlp_margin,
experiment1_overall_comparison,Classifier-output scoring,MLP + Margin,Margin,default classifier settings,validation_best_f1,eval,Overall,8823,1984,6839,0.8636301259616337,0.9480329017104934,0.546875,3.8623809814453125e-05,0.9011379800853485,0.8773023126990721,0.9263050153531218,0.9263050153531218,0.4465725806451613,0.8424572140995127,0.7398662173539803,1098,886,504,6335,0.00123541709035635,loaded,mlp_margin,0.021739458199590445
experiment1_overall_comparison,Classifier-output scoring,MLP + Margin,Margin,default classifier settings,validation_best_f1,eval,Near-OOD,4122,1984,2138,0.7585617116539425,0.7583426056897973,0.7696572580645161,3.8623809814453125e-05,0.7224334600760456,0.6587057010785824,0.7998129092609916,0.7998129092609916,0.4465725806451613,0.6812227074235808,0.6766201643079152,1098,886,428,1710,0.00123541709035635,loaded,mlp_margin,0.021739458199590445
experiment1_overall_comparison,Classifier-output scoring,MLP + Margin,Margin,default classifier settings,validation_best_f1,eval,Far-OOD,6685,1984,4701,0.911414910005421,0.9486718470657876,0.3019153225806452,3.8623809814453125e-05,0.9057971014492754,0.8392306296497913,0.9838332269729845,0.9838332269729845,0.4465725806451613,0.856095736724009,0.7686303231639116,1098,886,76,4625,0.00123541709035635,loaded,mlp_margin,0.021739458199590445
experiment1_overall_comparison,Classifier-output scoring,MLP + MaxLogit_logprob_proxy,MaxLogit_logprob_proxy,default classifier settings,validation_best_f1,validation,Overall,2209,496,1713,0.8743738583507523,0.9538853397692095,0.532258064516129,1.9073668227065355e-05,0.9088863892013498,0.8768312533912099,0.9433741973146527,0.9433741973146527,0.4576612903225806,0.8533272974196469,0.742856453496036,269,227,97,1616,0.001283582765609026,loaded,mlp_max_logit,
experiment1_overall_comparison,Classifier-output scoring,MLP + MaxLogit_logprob_proxy,MaxLogit_logprob_proxy,default classifier settings,validation_best_f1,validation,Near-OOD,1029,496,533,0.7726162016582945,0.7687676751373251,0.7862903225806451,1.9073668227065355e-05,0.7406793703396851,0.6632047477744807,0.8386491557223265,0.8386491557223265,0.4576612903225806,0.6958211856171039,0.6904939326998729,269,227,86,447,0.001283582765609026,loaded,mlp_max_logit,
experiment1_overall_comparison,Classifier-output scoring,MLP + MaxLogit_logprob_proxy,MaxLogit_logprob_proxy,default classifier settings,validation_best_f1,validation,Far-OOD,1676,496,1180,0.9203372744669218,0.9564336250698509,0.29435483870967744,1.9073668227065355e-05,0.907608695652174,0.8373925501432665,0.9906779661016949,0.9906779661016949,0.4576612903225806,0.8579952267303103,0.7665083378895572,269,227,11,1169,0.001283582765609026,loaded,mlp_max_logit,
experiment1_overall_comparison,Classifier-output scoring,MLP + MaxLogit_logprob_proxy,MaxLogit_logprob_proxy,default classifier settings,validation_best_f1,eval,Overall,8823,1984,6839,0.8660185121858033,0.9513734517676535,0.5463709677419355,1.9073668227065355e-05,0.9019079367331017,0.8757575757575757,0.9296680801286737,0.9296680801286737,0.45463709677419356,0.8432505950357021,0.7375154916772402,1082,902,481,6358,0.001283582765609026,loaded,mlp_max_logit,0.022988541051745415
experiment1_overall_comparison,Classifier-output scoring,MLP + MaxLogit_logprob_proxy,MaxLogit_logprob_proxy,default classifier settings,validation_best_f1,eval,Near-OOD,4122,1984,2138,0.7579321428302,0.7601796776216299,0.7641129032258065,1.9073668227065355e-05,0.7229573618987608,0.6561189477697293,0.8049579045837231,0.8049579045837231,0.45463709677419356,0.6800097040271713,0.6751604039047647,1082,902,417,1721,0.001283582765609026,loaded,mlp_max_logit,0.022988541051745415
experiment1_overall_comparison,Classifier-output scoring,MLP + MaxLogit_logprob_proxy,MaxLogit_logprob_proxy,default classifier settings,validation_best_f1,eval,Far-OOD,6685,1984,4701,0.9151758526840549,0.9543093771048533,0.30393145161290325,1.9073668227065355e-05,0.9056640625,0.837154721068785,0.9863858753456711,0.9863858753456711,0.45463709677419356,0.8554973821989529,0.7658743892857388,1082,902,64,4637,0.001283582765609026,loaded,mlp_max_logit,0.022988541051745415
experiment1_overall_comparison,Classifier-output scoring,Gaussian Naive Bayes + MSP,MSP,default classifier settings,validation_best_f1,validation,Overall,2209,496,1713,0.7318154106171028,0.8743450903385425,1.0,0.0,0.8735339112697603,0.7754640108646447,1.0,1.0,1.0,0.7754640108646447,0.5,0,496,0,1713,0.0018068752251565456,loaded,gnb_msp,
experiment1_overall_comparison,Classifier-output scoring,Gaussian Naive Bayes + MSP,MSP,default classifier settings,validation_best_f1,validation,Near-OOD,1029,496,533,0.6603257580342552,0.6346707333302496,1.0,0.0,0.6824583866837388,0.5179786200194364,1.0,1.0,1.0,0.5179786200194364,0.5,0,496,0,533,0.0018068752251565456,loaded,gnb_msp,
experiment1_overall_comparison,Classifier-output scoring,Gaussian Naive Bayes + MSP,MSP,default classifier settings,validation_best_f1,validation,Far-OOD,1676,496,1180,0.7641069231820665,0.8506241555837284,1.0,0.0,0.8263305322128851,0.7040572792362768,1.0,1.0,1.0,0.7040572792362768,0.5,0,496,0,1180,0.0018068752251565456,loaded,gnb_msp,
experiment1_overall_comparison,Classifier-output scoring,Gaussian Naive Bayes + MSP,MSP,default classifier settings,validation_best_f1,eval,Overall,8823,1984,6839,0.7238931336641369,0.8734188967953769,1.0,0.0,0.8733239688417826,0.775133174657146,1.0,1.0,1.0,0.775133174657146,0.5,0,1984,0,6839,0.0018068752251565456,loaded,gnb_msp,0.15763629181310534
experiment1_overall_comparison,Classifier-output scoring,Gaussian Naive Bayes + MSP,MSP,default classifier settings,validation_best_f1,eval,Near-OOD,4122,1984,2138,0.6517139454268386,0.6409502535197361,1.0,0.0,0.6830670926517571,0.5186802523047065,1.0,1.0,1.0,0.5186802523047065,0.5,0,1984,0,2138,0.0018068752251565456,loaded,gnb_msp,0.15763629181310534
experiment1_overall_comparison,Classifier-output scoring,Gaussian Naive Bayes + MSP,MSP,default classifier settings,validation_best_f1,eval,Far-OOD,6685,1984,4701,0.7567200012351523,0.8488989107757635,1.0,0.0,0.8257509221851397,0.7032161555721765,1.0,1.0,1.0,0.7032161555721765,0.5,0,1984,0,4701,0.0018068752251565456,loaded,gnb_msp,0.15763629181310534
experiment1_overall_comparison,Classifier-output scoring,Gaussian Naive Bayes + Entropy,Entropy,default classifier settings,validation_best_f1,validation,Overall,2209,496,1713,0.8363445803438601,0.9240483059882112,0.47580645161290325,4.344025239406933e-43,0.9108744394618834,0.876010781671159,0.9486281377699942,0.9486281377699942,0.4637096774193548,0.8560434585785424,0.7424592301753197,266,230,88,1625,0.00019079213961958885,loaded,gnb_entropy,
experiment1_overall_comparison,Classifier-output scoring,Gaussian Naive Bayes + Entropy,Entropy,default classifier settings,validation_best_f1,validation,Near-OOD,1029,496,533,0.7706284421715184,0.7289951686842355,1.0,4.344025239406933e-43,0.7643724696356275,0.6723646723646723,0.8855534709193246,0.8855534709193246,0.4637096774193548,0.717201166180758,0.7109218967499848,266,230,61,472,0.00019079213961958885,loaded,gnb_entropy,
experiment1_overall_comparison,Classifier-output scoring,Gaussian Naive Bayes + Entropy,Entropy,default classifier settings,validation_best_f1,validation,Far-OOD,1676,496,1180,0.8660282258064516,0.910664332735631,0.3407258064516129,4.344025239406933e-43,0.8997268825595006,0.8336948662328272,0.9771186440677966,0.9771186440677966,0.4637096774193548,0.8466587112171837,0.7567044833242209,266,230,27,1153,0.00019079213961958885,loaded,gnb_entropy,
experiment1_overall_comparison,Classifier-output scoring,Gaussian Naive Bayes + Entropy,Entropy,default classifier settings,validation_best_f1,eval,Overall,8823,1984,6839,0.8318885121032598,0.9246049528288889,1.0,4.344025239406933e-43,0.9021731486039806,0.8691056910569106,0.9378564117561047,0.9378564117561047,0.48689516129032256,0.8423438739657713,0.725480625232891,1018,966,425,6414,0.00019079213961958885,loaded,gnb_entropy,0.15789400041103363
experiment1_overall_comparison,Classifier-output scoring,Gaussian Naive Bayes + Entropy,Entropy,default classifier settings,validation_best_f1,eval,Near-OOD,4122,1984,2138,0.7539169765985696,0.7286281345591601,1.0,4.344025239406933e-43,0.7425562082236176,0.654876741693462,0.8573433115060805,0.8573433115060805,0.48689516129032256,0.6916545366327026,0.6852240751078789,1018,966,305,1833,0.00019079213961958885,loaded,gnb_entropy,0.15789400041103363
experiment1_overall_comparison,Classifier-output scoring,Gaussian Naive Bayes + Entropy,Entropy,default classifier settings,validation_best_f1,eval,Far-OOD,6685,1984,4701,0.8673497209756332,0.9129424145789208,0.3629032258064516,4.344025239406933e-43,0.8940281030444965,0.8258518117901569,0.9744735162731334,0.9744735162731334,0.48689516129032256,0.83754674644727,0.7437891774914054,1018,966,120,4581,0.00019079213961958885,loaded,gnb_entropy,0.15789400041103363
experiment1_overall_comparison,Classifier-output scoring,Gaussian Naive Bayes + Margin,Margin,default classifier settings,validation_best_f1,validation,Overall,2209,496,1713,0.759725792328117,0.886028188022661,1.0,0.0,0.8735339112697603,0.7754640108646447,1.0,1.0,1.0,0.7754640108646447,0.5,0,496,0,1713,0.00018858397379517555,loaded,gnb_margin,
experiment1_overall_comparison,Classifier-output scoring,Gaussian Naive Bayes + Margin,Margin,default classifier settings,validation_best_f1,validation,Near-OOD,1029,496,533,0.6840578284815105,0.65181478640461,1.0,0.0,0.6824583866837388,0.5179786200194364,1.0,1.0,1.0,0.5179786200194364,0.5,0,496,0,533,0.00018858397379517555,loaded,gnb_margin,
experiment1_overall_comparison,Classifier-output scoring,Gaussian Naive Bayes + Margin,Margin,default classifier settings,validation_best_f1,validation,Far-OOD,1676,496,1180,0.7939046268452707,0.8668215962907767,1.0,0.0,0.8263305322128851,0.7040572792362768,1.0,1.0,1.0,0.7040572792362768,0.5,0,496,0,1180,0.00018858397379517555,loaded,gnb_margin,
experiment1_overall_comparison,Classifier-output scoring,Gaussian Naive Bayes + Margin,Margin,default classifier settings,validation_best_f1,eval,Overall,8823,1984,6839,0.7520764522378767,0.8858051398185417,1.0,0.0,0.8733239688417826,0.775133174657146,1.0,1.0,1.0,0.775133174657146,0.5,0,1984,0,6839,0.00018858397379517555,loaded,gnb_margin,0.16237141657620668
experiment1_overall_comparison,Classifier-output scoring,Gaussian Naive Bayes + Margin,Margin,default classifier settings,validation_best_f1,eval,Near-OOD,4122,1984,2138,0.6679514224176952,0.6547762615797312,1.0,0.0,0.6830670926517571,0.5186802523047065,1.0,1.0,1.0,0.5186802523047065,0.5,0,1984,0,2138,0.00018858397379517555,loaded,gnb_margin,0.16237141657620668
experiment1_overall_comparison,Classifier-output scoring,Gaussian Naive Bayes + Margin,Margin,default classifier settings,validation_best_f1,eval,Far-OOD,6685,1984,4701,0.7903362509520966,0.8676977188184016,1.0,0.0,0.8257509221851397,0.7032161555721765,1.0,1.0,1.0,0.7032161555721765,0.5,0,1984,0,4701,0.00018858397379517555,loaded,gnb_margin,0.16237141657620668
experiment1_overall_comparison,Classifier-output scoring,Gaussian Naive Bayes + MaxLogit_logprob_proxy,MaxLogit_logprob_proxy,default classifier settings,validation_best_f1,validation,Overall,2209,496,1713,0.7318154106171028,0.8743450903385425,1.0,-0.0,0.8735339112697603,0.7754640108646447,1.0,1.0,1.0,0.7754640108646447,0.5,0,496,0,1713,0.0001854579895734787,loaded,gnb_max_logit,
experiment1_overall_comparison,Classifier-output scoring,Gaussian Naive Bayes + MaxLogit_logprob_proxy,MaxLogit_logprob_proxy,default classifier settings,validation_best_f1,validation,Near-OOD,1029,496,533,0.6603257580342552,0.6346707333302496,1.0,-0.0,0.6824583866837388,0.5179786200194364,1.0,1.0,1.0,0.5179786200194364,0.5,0,496,0,533,0.0001854579895734787,loaded,gnb_max_logit,
experiment1_overall_comparison,Classifier-output scoring,Gaussian Naive Bayes + MaxLogit_logprob_proxy,MaxLogit_logprob_proxy,default classifier settings,validation_best_f1,validation,Far-OOD,1676,496,1180,0.7641069231820665,0.8506241555837284,1.0,-0.0,0.8263305322128851,0.7040572792362768,1.0,1.0,1.0,0.7040572792362768,0.5,0,496,0,1180,0.0001854579895734787,loaded,gnb_max_logit,
experiment1_overall_comparison,Classifier-output scoring,Gaussian Naive Bayes + MaxLogit_logprob_proxy,MaxLogit_logprob_proxy,default classifier settings,validation_best_f1,eval,Overall,8823,1984,6839,0.7238931336641369,0.8734188967953769,1.0,-0.0,0.8733239688417826,0.775133174657146,1.0,1.0,1.0,0.775133174657146,0.5,0,1984,0,6839,0.0001854579895734787,loaded,gnb_max_logit,0.15741012478247285
experiment1_overall_comparison,Classifier-output scoring,Gaussian Naive Bayes + MaxLogit_logprob_proxy,MaxLogit_logprob_proxy,default classifier settings,validation_best_f1,eval,Near-OOD,4122,1984,2138,0.6517139454268386,0.6409502535197361,1.0,-0.0,0.6830670926517571,0.5186802523047065,1.0,1.0,1.0,0.5186802523047065,0.5,0,1984,0,2138,0.0001854579895734787,loaded,gnb_max_logit,0.15741012478247285
experiment1_overall_comparison,Classifier-output scoring,Gaussian Naive Bayes + MaxLogit_logprob_proxy,MaxLogit_logprob_proxy,default classifier settings,validation_best_f1,eval,Far-OOD,6685,1984,4701,0.7567200012351523,0.8488989107757635,1.0,-0.0,0.8257509221851397,0.7032161555721765,1.0,1.0,1.0,0.7032161555721765,0.5,0,1984,0,4701,0.0001854579895734787,loaded,gnb_max_logit,0.15741012478247285
experiment1_overall_comparison,Classifier-output scoring,LDA + MSP,MSP,default classifier settings,validation_best_f1,validation,Overall,2209,496,1713,0.6880208039093838,0.8560480065894049,1.0,0.0,0.8735339112697603,0.7754640108646447,1.0,1.0,1.0,0.7754640108646447,0.5,0,496,0,1713,0.00225245812907815,loaded,lda_msp,
experiment1_overall_comparison,Classifier-output scoring,LDA + MSP,MSP,default classifier settings,validation_best_f1,validation,Near-OOD,1029,496,533,0.6109911184409611,0.5849932509771832,1.0,0.0,0.6824583866837388,0.5179786200194364,1.0,1.0,1.0,0.5179786200194364,0.5,0,496,0,533,0.00225245812907815,loaded,lda_msp,
experiment1_overall_comparison,Classifier-output scoring,LDA + MSP,MSP,default classifier settings,validation_best_f1,validation,Far-OOD,1676,496,1180,0.7228147211591033,0.8298460908302748,1.0,0.0,0.8263305322128851,0.7040572792362768,1.0,1.0,1.0,0.7040572792362768,0.5,0,496,0,1180,0.00225245812907815,loaded,lda_msp,
experiment1_overall_comparison,Classifier-output scoring,LDA + MSP,MSP,default classifier settings,validation_best_f1,eval,Overall,8823,1984,6839,0.6819450692541353,0.8541773592169462,1.0,0.0,0.8733239688417826,0.775133174657146,1.0,1.0,1.0,0.775133174657146,0.5,0,1984,0,6839,0.00225245812907815,loaded,lda_msp,0.009664291981607676
experiment1_overall_comparison,Classifier-output scoring,LDA + MSP,MSP,default classifier settings,validation_best_f1,eval,Near-OOD,4122,1984,2138,0.590934798311657,0.5873309211355718,1.0,0.0,0.6830670926517571,0.5186802523047065,1.0,1.0,1.0,0.5186802523047065,0.5,0,1984,0,2138,0.00225245812907815,loaded,lda_msp,0.009664291981607676
experiment1_overall_comparison,Classifier-output scoring,LDA + MSP,MSP,default classifier settings,validation_best_f1,eval,Far-OOD,6685,1984,4701,0.7233362539542033,0.8287650193676603,1.0,0.0,0.8257509221851397,0.7032161555721765,1.0,1.0,1.0,0.7032161555721765,0.5,0,1984,0,4701,0.00225245812907815,loaded,lda_msp,0.009664291981607676
experiment1_overall_comparison,Classifier-output scoring,LDA + Entropy,Entropy,default classifier settings,validation_best_f1,validation,Overall,2209,496,1713,0.7752304483739149,0.8988420566162624,1.0,0.0,0.8735339112697603,0.7754640108646447,1.0,1.0,1.0,0.7754640108646447,0.5,0,496,0,1713,0.0003619999624788761,loaded,lda_entropy,
experiment1_overall_comparison,Classifier-output scoring,LDA + Entropy,Entropy,default classifier settings,validation_best_f1,validation,Near-OOD,1029,496,533,0.718572217514979,0.6693703046347859,1.0,0.0,0.6824583866837388,0.5179786200194364,1.0,1.0,1.0,0.5179786200194364,0.5,0,496,0,533,0.0003619999624788761,loaded,lda_entropy,
experiment1_overall_comparison,Classifier-output scoring,LDA + Entropy,Entropy,default classifier settings,validation_best_f1,validation,Far-OOD,1676,496,1180,0.8008226831601969,0.8799769940219813,1.0,0.0,0.8263305322128851,0.7040572792362768,1.0,1.0,1.0,0.7040572792362768,0.5,0,496,0,1180,0.0003619999624788761,loaded,lda_entropy,
experiment1_overall_comparison,Classifier-output scoring,LDA + Entropy,Entropy,default classifier settings,validation_best_f1,eval,Overall,8823,1984,6839,0.7685744252012886,0.8962959227751277,1.0,0.0,0.8733239688417826,0.775133174657146,1.0,1.0,1.0,0.775133174657146,0.5,0,1984,0,6839,0.0003619999624788761,loaded,lda_entropy,0.012711958028376102
experiment1_overall_comparison,Classifier-output scoring,LDA + Entropy,Entropy,default classifier settings,validation_best_f1,eval,Near-OOD,4122,1984,2138,0.6904987326111227,0.6606054497349688,1.0,0.0,0.6830670926517571,0.5186802523047065,1.0,1.0,1.0,0.5186802523047065,0.5,0,1984,0,2138,0.0003619999624788761,loaded,lda_entropy,0.012711958028376102
experiment1_overall_comparison,Classifier-output scoring,LDA + Entropy,Entropy,default classifier settings,validation_best_f1,eval,Far-OOD,6685,1984,4701,0.8040830043882221,0.8797814397066811,1.0,0.0,0.8257509221851397,0.7032161555721765,1.0,1.0,1.0,0.7032161555721765,0.5,0,1984,0,4701,0.0003619999624788761,loaded,lda_entropy,0.012711958028376102
experiment1_overall_comparison,Classifier-output scoring,LDA + Margin,Margin,default classifier settings,validation_best_f1,validation,Overall,2209,496,1713,0.6890271029885318,0.8567070324877446,1.0,0.0,0.8735339112697603,0.7754640108646447,1.0,1.0,1.0,0.7754640108646447,0.5,0,496,0,1713,0.00035404227674007416,loaded,lda_margin,
experiment1_overall_comparison,Classifier-output scoring,LDA + Margin,Margin,default classifier settings,validation_best_f1,validation,Near-OOD,1029,496,533,0.6113145312594565,0.5858086684964159,1.0,0.0,0.6824583866837388,0.5179786200194364,1.0,1.0,1.0,0.5179786200194364,0.5,0,496,0,533,0.00035404227674007416,loaded,lda_margin,
experiment1_overall_comparison,Classifier-output scoring,LDA + Margin,Margin,default classifier settings,validation_best_f1,validation,Far-OOD,1676,496,1180,0.7241294764898851,0.8308063815300658,1.0,0.0,0.8263305322128851,0.7040572792362768,1.0,1.0,1.0,0.7040572792362768,0.5,0,496,0,1180,0.00035404227674007416,loaded,lda_margin,
experiment1_overall_comparison,Classifier-output scoring,LDA + Margin,Margin,default classifier settings,validation_best_f1,eval,Overall,8823,1984,6839,0.684160519128905,0.8549498551304683,1.0,0.0,0.8733239688417826,0.775133174657146,1.0,1.0,1.0,0.775133174657146,0.5,0,1984,0,6839,0.00035404227674007416,loaded,lda_margin,0.014688124880194664
experiment1_overall_comparison,Classifier-output scoring,LDA + Margin,Margin,default classifier settings,validation_best_f1,eval,Near-OOD,4122,1984,2138,0.5934528378572075,0.5886948525173089,1.0,0.0,0.6830670926517571,0.5186802523047065,1.0,1.0,1.0,0.5186802523047065,0.5,0,1984,0,2138,0.00035404227674007416,loaded,lda_margin,0.014688124880194664
experiment1_overall_comparison,Classifier-output scoring,LDA + Margin,Margin,default classifier settings,validation_best_f1,eval,Far-OOD,6685,1984,4701,0.7254140869993343,0.8296907413668192,1.0,0.0,0.8257509221851397,0.7032161555721765,1.0,1.0,1.0,0.7032161555721765,0.5,0,1984,0,4701,0.00035404227674007416,loaded,lda_margin,0.014688124880194664
experiment1_overall_comparison,Classifier-output scoring,LDA + MaxLogit,MaxLogit,default classifier settings,validation_best_f1,validation,Overall,2209,496,1713,0.9129062858972186,0.975440954816587,0.5342741935483871,-232.3492889404297,0.9040852575488455,0.9171171171171171,0.8914185639229422,0.8914185639229422,0.2782258064516129,0.8533272974196469,0.8065963787356647,358,138,186,1527,0.0003831670619547367,loaded,lda_max_logit,
experiment1_overall_comparison,Classifier-output scoring,LDA + MaxLogit,MaxLogit,default classifier settings,validation_best_f1,validation,Near-OOD,1029,496,533,0.8198609514010773,0.8275572026164764,0.7479838709677419,-232.3492889404297,0.7710622710622711,0.7531305903398927,0.7898686679174484,0.7898686679174484,0.2782258064516129,0.7570456754130224,0.7558214307329177,358,138,112,421,0.0003831670619547367,loaded,lda_max_logit,
experiment1_overall_comparison,Classifier-output scoring,LDA + MaxLogit,MaxLogit,default classifier settings,validation_best_f1,validation,Far-OOD,1676,496,1180,0.9549343903772551,0.9836688950595911,0.4314516129032258,-232.3492889404297,0.9125412541254125,0.8890675241157556,0.9372881355932203,0.9372881355932203,0.2782258064516129,0.8735083532219571,0.8295311645708037,358,138,74,1106,0.0003831670619547367,loaded,lda_max_logit,
experiment1_overall_comparison,Classifier-output scoring,LDA + MaxLogit,MaxLogit,default classifier settings,validation_best_f1,eval,Overall,8823,1984,6839,0.9084197192100336,0.9739428413798251,0.5625,-232.3492889404297,0.8973654916512059,0.9110910186859554,0.884047375347273,0.884047375347273,0.2973790322580645,0.8432505950357021,0.7933341715446043,1394,590,793,6046,0.0003831670619547367,loaded,lda_max_logit,0.0068582091480493546
experiment1_overall_comparison,Classifier-output scoring,LDA + MaxLogit,MaxLogit,default classifier settings,validation_best_f1,eval,Near-OOD,4122,1984,2138,0.8114827412565255,0.8134306969517602,0.7449596774193549,-232.3492889404297,0.754337899543379,0.7368421052631579,0.7726847521047708,0.7726847521047708,0.2973790322580645,0.7389616690926735,0.7376528599233532,1394,590,486,1652,0.0003831670619547367,loaded,lda_max_logit,0.0068582091480493546
experiment1_overall_comparison,Classifier-output scoring,LDA + MaxLogit,MaxLogit,default classifier settings,validation_best_f1,eval,Far-OOD,6685,1984,4701,0.9525063515998655,0.9826460740728596,0.4490927419354839,-232.3492889404297,0.9073825503355705,0.8816211878009631,0.9346947457987662,0.9346947457987662,0.2973790322580645,0.8658189977561705,0.8186578567703509,1394,590,307,4394,0.0003831670619547367,loaded,lda_max_logit,0.0068582091480493546
experiment1_overall_comparison,Classifier-output scoring,LDA + Energy,Energy,default classifier settings,validation_best_f1,validation,Overall,2209,496,1713,0.9129086398131931,0.9754419948680165,0.5342741935483871,-232.3492889404297,0.9040852575488455,0.9171171171171171,0.8914185639229422,0.8914185639229422,0.2782258064516129,0.8533272974196469,0.8065963787356647,358,138,186,1527,0.0003504580818116665,loaded,lda_energy,
experiment1_overall_comparison,Classifier-output scoring,LDA + Energy,Energy,default classifier settings,validation_best_f1,validation,Near-OOD,1029,496,533,0.8198609514010773,0.8275572026164764,0.7479838709677419,-232.3492889404297,0.7710622710622711,0.7531305903398927,0.7898686679174484,0.7898686679174484,0.2782258064516129,0.7570456754130224,0.7558214307329177,358,138,112,421,0.0003504580818116665,loaded,lda_energy,
experiment1_overall_comparison,Classifier-output scoring,LDA + Energy,Energy,default classifier settings,validation_best_f1,validation,Far-OOD,1676,496,1180,0.9549378075451065,0.9836705574098854,0.4314516129032258,-232.3492889404297,0.9125412541254125,0.8890675241157556,0.9372881355932203,0.9372881355932203,0.2782258064516129,0.8735083532219571,0.8295311645708037,358,138,74,1106,0.0003504580818116665,loaded,lda_energy,
experiment1_overall_comparison,Classifier-output scoring,LDA + Energy,Energy,default classifier settings,validation_best_f1,eval,Overall,8823,1984,6839,0.908419645510332,0.9739428225379266,0.5625,-232.3492889404297,0.8973654916512059,0.9110910186859554,0.884047375347273,0.884047375347273,0.2973790322580645,0.8432505950357021,0.7933341715446043,1394,590,793,6046,0.0003504580818116665,loaded,lda_energy,0.012628416996449232
experiment1_overall_comparison,Classifier-output scoring,LDA + Energy,Energy,default classifier settings,validation_best_f1,eval,Near-OOD,4122,1984,2138,0.8114820340082681,0.8134276777232161,0.7449596774193549,-232.3492889404297,0.754337899543379,0.7368421052631579,0.7726847521047708,0.7726847521047708,0.2973790322580645,0.7389616690926735,0.7376528599233532,1394,590,486,1652,0.0003504580818116665,loaded,lda_energy,0.012628416996449232
experiment1_overall_comparison,Classifier-output scoring,LDA + Energy,Energy,default classifier settings,validation_best_f1,eval,Far-OOD,6685,1984,4701,0.9525065660360528,0.9826461123853283,0.4490927419354839,-232.3492889404297,0.9073825503355705,0.8816211878009631,0.9346947457987662,0.9346947457987662,0.2973790322580645,0.8658189977561705,0.8186578567703509,1394,590,307,4394,0.0003504580818116665,loaded,lda_energy,0.012628416996449232
experiment1_overall_comparison,Classifier-output scoring,QDA + MSP,MSP,default classifier settings,validation_best_f1,validation,Overall,2209,496,1713,0.5024845583112066,0.7777084851035345,1.0,0.0,0.8735339112697603,0.7754640108646447,1.0,1.0,1.0,0.7754640108646447,0.5,0,496,0,1713,0.003213082905858755,loaded,qda_msp,
experiment1_overall_comparison,Classifier-output scoring,QDA + MSP,MSP,default classifier settings,validation_best_f1,validation,Near-OOD,1029,496,533,0.5570757429038311,0.5585506242771505,1.0,0.0,0.6824583866837388,0.5179786200194364,1.0,1.0,1.0,0.5179786200194364,0.5,0,496,0,533,0.003213082905858755,loaded,qda_msp,
experiment1_overall_comparison,Classifier-output scoring,QDA + MSP,MSP,default classifier settings,validation_best_f1,validation,Far-OOD,1676,496,1180,0.4778259978130126,0.6968570004073128,1.0,0.0,0.8263305322128851,0.7040572792362768,1.0,1.0,1.0,0.7040572792362768,0.5,0,496,0,1180,0.003213082905858755,loaded,qda_msp,
experiment1_overall_comparison,Classifier-output scoring,QDA + MSP,MSP,default classifier settings,validation_best_f1,eval,Overall,8823,1984,6839,0.5081091412982468,0.7787052483946815,1.0,0.0,0.8733239688417826,0.775133174657146,1.0,1.0,1.0,0.775133174657146,0.5,0,1984,0,6839,0.003213082905858755,loaded,qda_msp,0.09001699974760413
experiment1_overall_comparison,Classifier-output scoring,QDA + MSP,MSP,default classifier settings,validation_best_f1,eval,Near-OOD,4122,1984,2138,0.5560382262968104,0.5597139886885312,1.0,0.0,0.6830670926517571,0.5186802523047065,1.0,1.0,1.0,0.5186802523047065,0.5,0,1984,0,2138,0.003213082905858755,loaded,qda_msp,0.09001699974760413
experiment1_overall_comparison,Classifier-output scoring,QDA + MSP,MSP,default classifier settings,validation_best_f1,eval,Far-OOD,6685,1984,4701,0.4863111443344244,0.696482592720497,1.0,0.0,0.8257509221851397,0.7032161555721765,1.0,1.0,1.0,0.7032161555721765,0.5,0,1984,0,4701,0.003213082905858755,loaded,qda_msp,0.09001699974760413
experiment1_overall_comparison,Classifier-output scoring,QDA + Entropy,Entropy,default classifier settings,validation_best_f1,validation,Overall,2209,496,1713,0.524592537144794,0.7823413664047209,1.0,0.0,0.8735339112697603,0.7754640108646447,1.0,1.0,1.0,0.7754640108646447,0.5,0,496,0,1713,0.000599707942456007,loaded,qda_entropy,
experiment1_overall_comparison,Classifier-output scoring,QDA + Entropy,Entropy,default classifier settings,validation_best_f1,validation,Near-OOD,1029,496,533,0.6286369757307995,0.6042211201137957,1.0,0.0,0.6824583866837388,0.5179786200194364,1.0,1.0,1.0,0.5179786200194364,0.5,0,496,0,533,0.000599707942456007,loaded,qda_entropy,
experiment1_overall_comparison,Classifier-output scoring,QDA + Entropy,Entropy,default classifier settings,validation_best_f1,validation,Far-OOD,1676,496,1180,0.4775961932750136,0.6884375166620642,1.0,0.0,0.8263305322128851,0.7040572792362768,1.0,1.0,1.0,0.7040572792362768,0.5,0,496,0,1180,0.000599707942456007,loaded,qda_entropy,
experiment1_overall_comparison,Classifier-output scoring,QDA + Entropy,Entropy,default classifier settings,validation_best_f1,eval,Overall,8823,1984,6839,0.5298389823663145,0.7844319349491233,1.0,0.0,0.8733239688417826,0.775133174657146,1.0,1.0,1.0,0.775133174657146,0.5,0,1984,0,6839,0.000599707942456007,loaded,qda_entropy,0.09227762511000037
experiment1_overall_comparison,Classifier-output scoring,QDA + Entropy,Entropy,default classifier settings,validation_best_f1,eval,Near-OOD,4122,1984,2138,0.6248736383113552,0.6027859370332076,1.0,0.0,0.6830670926517571,0.5186802523047065,1.0,1.0,1.0,0.5186802523047065,0.5,0,1984,0,2138,0.000599707942456007,loaded,qda_entropy,0.09227762511000037
experiment1_overall_comparison,Classifier-output scoring,QDA + Entropy,Entropy,default classifier settings,validation_best_f1,eval,Far-OOD,6685,1984,4701,0.4866175200369174,0.6915116155249974,1.0,0.0,0.8257509221851397,0.7032161555721765,1.0,1.0,1.0,0.7032161555721765,0.5,0,1984,0,4701,0.000599707942456007,loaded,qda_entropy,0.09227762511000037
experiment1_overall_comparison,Classifier-output scoring,QDA + Margin,Margin,default classifier settings,validation_best_f1,validation,Overall,2209,496,1713,0.5039745871231381,0.7777516790564705,1.0,0.0,0.8735339112697603,0.7754640108646447,1.0,1.0,1.0,0.7754640108646447,0.5,0,496,0,1713,0.00047458428889513016,loaded,qda_margin,
experiment1_overall_comparison,Classifier-output scoring,QDA + Margin,Margin,default classifier settings,validation_best_f1,validation,Near-OOD,1029,496,533,0.5586814591781154,0.5590834251025374,1.0,0.0,0.6824583866837388,0.5179786200194364,1.0,1.0,1.0,0.5179786200194364,0.5,0,496,0,533,0.00047458428889513016,loaded,qda_margin,
experiment1_overall_comparison,Classifier-output scoring,QDA + Margin,Margin,default classifier settings,validation_best_f1,validation,Far-OOD,1676,496,1180,0.4792637711864407,0.6966507971662688,1.0,0.0,0.8263305322128851,0.7040572792362768,1.0,1.0,1.0,0.7040572792362768,0.5,0,496,0,1180,0.00047458428889513016,loaded,qda_margin,
experiment1_overall_comparison,Classifier-output scoring,QDA + Margin,Margin,default classifier settings,validation_best_f1,eval,Overall,8823,1984,6839,0.5081802983599752,0.7788836832799165,1.0,0.0,0.8733239688417826,0.775133174657146,1.0,1.0,1.0,0.775133174657146,0.5,0,1984,0,6839,0.00047458428889513016,loaded,qda_margin,0.09228295786306262
experiment1_overall_comparison,Classifier-output scoring,QDA + Margin,Margin,default classifier settings,validation_best_f1,eval,Near-OOD,4122,1984,2138,0.5568947039364495,0.5605864676283738,1.0,0.0,0.6830670926517571,0.5186802523047065,1.0,1.0,1.0,0.5186802523047065,0.5,0,1984,0,2138,0.00047458428889513016,loaded,qda_margin,0.09228295786306262
experiment1_overall_comparison,Classifier-output scoring,QDA + Margin,Margin,default classifier settings,validation_best_f1,eval,Far-OOD,6685,1984,4701,0.4860251400697174,0.6964751754503878,1.0,0.0,0.8257509221851397,0.7032161555721765,1.0,1.0,1.0,0.7032161555721765,0.5,0,1984,0,4701,0.00047458428889513016,loaded,qda_margin,0.09228295786306262
experiment1_overall_comparison,Classifier-output scoring,QDA + MaxLogit_logprob_proxy,MaxLogit_logprob_proxy,default classifier settings,validation_best_f1,validation,Overall,2209,496,1713,0.9558193510724442,0.9870334100123532,0.2762096774193548,-72.27883911132812,0.9399773499433749,0.9125893347993403,0.9690601284296556,0.9690601284296556,0.32056451612903225,0.9040289723856949,0.8242478061503117,337,159,53,1660,0.00044566625729203224,loaded,qda_max_logit,
experiment1_overall_comparison,Classifier-output scoring,QDA + MaxLogit_logprob_proxy,MaxLogit_logprob_proxy,default classifier settings,validation_best_f1,validation,Near-OOD,1029,496,533,0.8633003994432005,0.8496193730324387,0.4375,-72.27883911132812,0.8191126279863481,0.7511737089201878,0.900562851782364,0.900562851782364,0.32056451612903225,0.793974732750243,0.7899991678266658,337,159,53,480,0.00044566625729203224,loaded,qda_max_logit,
experiment1_overall_comparison,Classifier-output scoring,QDA + MaxLogit_logprob_proxy,MaxLogit_logprob_proxy,default classifier settings,validation_best_f1,validation,Far-OOD,1676,496,1180,0.9976096910880262,0.9988902245202227,0.012096774193548387,-72.27883911132812,0.9368797141722905,0.8812546676624347,1.0,1.0,0.32056451612903225,0.9051312649164678,0.8397177419354839,337,159,0,1180,0.00044566625729203224,loaded,qda_max_logit,
experiment1_overall_comparison,Classifier-output scoring,QDA + MaxLogit_logprob_proxy,MaxLogit_logprob_proxy,default classifier settings,validation_best_f1,eval,Overall,8823,1984,6839,0.953862218113382,0.9860395193480225,0.2767137096774194,-72.27883911132812,0.9371775846229948,0.9068654266958425,0.9695861968123994,0.9695861968123994,0.3432459677419355,0.8992406211039329,0.8131701145352319,1303,681,208,6631,0.00044566625729203224,loaded,qda_max_logit,0.08647066680714488
experiment1_overall_comparison,Classifier-output scoring,QDA + MaxLogit_logprob_proxy,MaxLogit_logprob_proxy,default classifier settings,validation_best_f1,eval,Near-OOD,4122,1984,2138,0.8594898099671082,0.8368756268328451,0.4440524193548387,-72.27883911132812,0.8128026953042746,0.7391803906549215,0.9027128157156221,0.9027128157156221,0.3432459677419355,0.7843279961183891,0.7797334239868433,1303,681,208,1930,0.00044566625729203224,loaded,qda_max_logit,0.08647066680714488
experiment1_overall_comparison,Classifier-output scoring,QDA + MaxLogit_logprob_proxy,MaxLogit_logprob_proxy,default classifier settings,validation_best_f1,eval,Far-OOD,6685,1984,4701,0.9967824922288326,0.9982065028858987,0.010080645161290322,-72.27883911132812,0.932460577209164,0.8734671125975474,1.0,1.0,0.3432459677419355,0.8981301421091997,0.8283770161290323,1303,681,0,4701,0.00044566625729203224,loaded,qda_max_logit,0.08647066680714488
