experiment,family,model,score,hyperparameters,threshold_source,data_split,metric_split,n_samples,n_id,n_ood,auroc,aupr,fpr95,threshold,f1,precision,recall,tpr,fpr,accuracy,balanced_accuracy,tn,fp,fn,tp,fit_seconds,model_key,classifier_key,model_source,id_accuracy,id_macro_f1,has_raw_decision_scores,msp_confidence_threshold,id_mean_confidence,ood_mean_confidence,ood_p90_confidence,ood_high_conf_count,ood_high_conf_rate,score_seconds
experiment4_accuracy_vs_ood,Classifier-output scoring,Logistic Regression + MSP,MSP,default classifier settings,validation_best_f1,validation,Overall,2209,496,1713,0.9061387774701994,0.9697811156163597,0.4334677419354839,0.05489182472229004,0.9176604202157865,0.8933112216694307,0.9433741973146527,0.9433741973146527,0.38911290322580644,0.8687188773200544,0.777130647044423,303,193,97,1616,0.00024574995040893555,lr_msp,lr,loaded,0.9133064516129032,0.9133721517240848,True,0.9,0.8889357447624207,0.4735635817050934,0.8940969109535217,164,0.09573847051955633,
experiment4_accuracy_vs_ood,Classifier-output scoring,Logistic Regression + MSP,MSP,default classifier settings,validation_best_f1,validation,Near-OOD,1029,496,533,0.813230042970405,0.7979599229260126,0.5987903225806451,0.05489182472229004,0.776748104465038,0.7048929663608563,0.8649155722326454,0.8649155722326454,0.38911290322580644,0.7424684159378037,0.7379013345034194,303,193,72,461,0.00024574995040893555,lr_msp,lr,loaded,0.9133064516129032,0.9133721517240848,True,0.9,0.8889357447624207,0.6736434102058411,0.9661716818809509,115,0.21575984990619138,
experiment4_accuracy_vs_ood,Classifier-output scoring,Logistic Regression + MSP,MSP,default classifier settings,validation_best_f1,validation,Far-OOD,1676,496,1180,0.9481051804264626,0.9770204909172693,0.28830645161290325,0.05489182472229004,0.9137658227848101,0.8568249258160238,0.9788135593220338,0.9788135593220338,0.38911290322580644,0.869928400954654,0.7948503280481136,303,193,25,1155,0.00024574995040893555,lr_msp,lr,loaded,0.9133064516129032,0.9133721517240848,True,0.9,0.8889357447624207,0.38318851590156555,0.7682386636734009,49,0.04152542372881356,
experiment4_accuracy_vs_ood,Classifier-output scoring,Logistic Regression + MSP,MSP,default classifier settings,validation_best_f1,eval,Overall,8823,1984,6839,0.9010632729624686,0.9684565334020659,0.46118951612903225,0.05489182472229004,0.908817635270541,0.8900883218842002,0.9283520982599796,0.9283520982599796,0.3951612903225806,0.8556046696135101,0.7665954039686995,1200,784,490,6349,0.00024574995040893555,lr_msp,lr,loaded,0.9133064516129032,0.9133721517240848,True,0.9,0.8907675743103027,0.4816075265407562,0.9168469309806824,768,0.11229711946190964,0.006053000222891569
experiment4_accuracy_vs_ood,Classifier-output scoring,Logistic Regression + MSP,MSP,default classifier settings,validation_best_f1,eval,Near-OOD,4122,1984,2138,0.797724051532937,0.7816110862661547,0.6113911290322581,0.05489182472229004,0.7496790757381258,0.6908517350157729,0.8194574368568756,0.8194574368568756,0.3951612903225806,0.7161572052401747,0.7121480732671475,1200,784,386,1752,0.00024574995040893555,lr_msp,lr,loaded,0.9133064516129032,0.9133721517240848,True,0.9,0.8907675743103027,0.6943029165267944,0.9698792695999146,540,0.25257249766136575,0.006053000222891569
experiment4_accuracy_vs_ood,Classifier-output scoring,Logistic Regression + MSP,MSP,default classifier settings,validation_best_f1,eval,Far-OOD,6685,1984,4701,0.9480616255292285,0.9773445885099767,0.29788306451612906,0.05489182472229004,0.9119222376512597,0.8543021743170415,0.9778770474367156,0.9778770474367156,0.3951612903225806,0.8671652954375467,0.7913578785570674,1200,784,104,4597,0.00024574995040893555,lr_msp,lr,loaded,0.9133064516129032,0.9133721517240848,True,0.9,0.8907675743103027,0.3848743140697479,0.7724338173866272,228,0.048500319081046586,0.006053000222891569
experiment4_accuracy_vs_ood,Classifier-output scoring,Logistic Regression + Entropy,Entropy,default classifier settings,validation_best_f1,validation,Overall,2209,496,1713,0.9216663841967497,0.9764485145193283,0.43548387096774194,0.28842297196388245,0.9186738452819495,0.8926211453744494,0.9462930531231757,0.9462930531231757,0.39314516129032256,0.870076957899502,0.7765739459164265,301,195,92,1621,0.0001638331450521946,lr_entropy,lr,loaded,0.9133064516129032,0.9133721517240848,True,0.9,0.8889357447624207,0.4735635817050934,0.8940969109535217,164,0.09573847051955633,
experiment4_accuracy_vs_ood,Classifier-output scoring,Logistic Regression + Entropy,Entropy,default classifier settings,validation_best_f1,validation,Near-OOD,1029,496,533,0.8180150396417115,0.8059384841899206,0.592741935483871,0.28842297196388245,0.7733782645324347,0.7018348623853211,0.8611632270168855,0.8611632270168855,0.39314516129032256,0.738581146744412,0.7340090328632815,301,195,74,459,0.0001638331450521946,lr_entropy,lr,loaded,0.9133064516129032,0.9133721517240848,True,0.9,0.8889357447624207,0.6736434102058411,0.9661716818809509,115,0.21575984990619138,
experiment4_accuracy_vs_ood,Classifier-output scoring,Logistic Regression + Entropy,Entropy,default classifier settings,validation_best_f1,validation,Far-OOD,1676,496,1180,0.9684851694915255,0.9872167454308748,0.22580645161290322,0.28842297196388245,0.916042569964525,0.8563006632277081,0.9847457627118644,0.9847457627118644,0.39314516129032256,0.8729116945107399,0.7958003007107709,301,195,18,1162,0.0001638331450521946,lr_entropy,lr,loaded,0.9133064516129032,0.9133721517240848,True,0.9,0.8889357447624207,0.38318851590156555,0.7682386636734009,49,0.04152542372881356,
experiment4_accuracy_vs_ood,Classifier-output scoring,Logistic Regression + Entropy,Entropy,default classifier settings,validation_best_f1,eval,Overall,8823,1984,6839,0.9179701687192525,0.9755011667073725,0.45161290322580644,0.28842297196388245,0.910180495113077,0.8886876567288938,0.9327387044889603,0.9327387044889603,0.4027217741935484,0.8573047716196305,0.765008465147706,1185,799,460,6379,0.0001638331450521946,lr_entropy,lr,loaded,0.9133064516129032,0.9133721517240848,True,0.9,0.8907675743103027,0.4816075265407562,0.9168469309806824,768,0.11229711946190964,0.009016333147883415
experiment4_accuracy_vs_ood,Classifier-output scoring,Logistic Regression + Entropy,Entropy,default classifier settings,validation_best_f1,eval,Near-OOD,4122,1984,2138,0.805545627885573,0.7981897335011858,0.6149193548387096,0.28842297196388245,0.7478149648262631,0.6870348609479044,0.8203928905519177,0.8203928905519177,0.4027217741935484,0.7130033964095099,0.7088355581791846,1185,799,384,1754,0.0001638331450521946,lr_entropy,lr,loaded,0.9133064516129032,0.9133721517240848,True,0.9,0.8907675743103027,0.6943029165267944,0.9698792695999146,540,0.25257249766136575,0.009016333147883415
experiment4_accuracy_vs_ood,Classifier-output scoring,Logistic Regression + Entropy,Entropy,default classifier settings,validation_best_f1,eval,Far-OOD,6685,1984,4701,0.9691004959480138,0.9874885788689327,0.24243951612903225,0.28842297196388245,0.9135802469135802,0.8526917404129793,0.9838332269729845,0.9838332269729845,0.4027217741935484,0.8691099476439791,0.790555726389718,1185,799,76,4625,0.0001638331450521946,lr_entropy,lr,loaded,0.9133064516129032,0.9133721517240848,True,0.9,0.8907675743103027,0.3848743140697479,0.7724338173866272,228,0.048500319081046586,0.009016333147883415
experiment4_accuracy_vs_ood,Classifier-output scoring,Logistic Regression + Margin,Margin,default classifier settings,validation_best_f1,validation,Overall,2209,496,1713,0.8870720580758149,0.9569529390309446,0.45161290322580644,0.09232109785079956,0.9163096258211939,0.8970917225950783,0.9363689433741973,0.9363689433741973,0.3709677419354839,0.8673607967406066,0.7827006007193567,312,184,109,1604,0.0001789173111319542,lr_margin,lr,loaded,0.9133064516129032,0.9133721517240848,True,0.9,0.8889357447624207,0.4735635817050934,0.8940969109535217,164,0.09573847051955633,
experiment4_accuracy_vs_ood,Classifier-output scoring,Logistic Regression + Margin,Margin,default classifier settings,validation_best_f1,validation,Near-OOD,1029,496,533,0.808649307026569,0.7856106455046112,0.594758064516129,0.09232109785079956,0.7774936061381074,0.7125,0.8555347091932458,0.8555347091932458,0.3709677419354839,0.7463556851311953,0.742283483628881,312,184,77,456,0.0001789173111319542,lr_margin,lr,loaded,0.9133064516129032,0.9133721517240848,True,0.9,0.8889357447624207,0.6736434102058411,0.9661716818809509,115,0.21575984990619138,
experiment4_accuracy_vs_ood,Classifier-output scoring,Logistic Regression + Margin,Margin,default classifier settings,validation_best_f1,validation,Far-OOD,1676,496,1180,0.9224952159650083,0.9572436389951104,0.31451612903225806,0.09232109785079956,0.9140127388535032,0.8618618618618619,0.9728813559322034,0.9728813559322034,0.3709677419354839,0.8711217183770883,0.8009568069983597,312,184,32,1148,0.0001789173111319542,lr_margin,lr,loaded,0.9133064516129032,0.9133721517240848,True,0.9,0.8889357447624207,0.38318851590156555,0.7682386636734009,49,0.04152542372881356,
experiment4_accuracy_vs_ood,Classifier-output scoring,Logistic Regression + Margin,Margin,default classifier settings,validation_best_f1,eval,Overall,8823,1984,6839,0.8805653592536167,0.9540658765469701,0.4642137096774194,0.09232109785079956,0.9050705848458658,0.8918381831085876,0.9187015645562217,0.9187015645562217,0.3840725806451613,0.8506177037288905,0.7673144919555301,1222,762,556,6283,0.0001789173111319542,lr_margin,lr,loaded,0.9133064516129032,0.9133721517240848,True,0.9,0.8907675743103027,0.4816075265407562,0.9168469309806824,768,0.11229711946190964,0.006525999866425991
experiment4_accuracy_vs_ood,Classifier-output scoring,Logistic Regression + Margin,Margin,default classifier settings,validation_best_f1,eval,Near-OOD,4122,1984,2138,0.7930122457678264,0.7651877455439193,0.6013104838709677,0.09232109785079956,0.7475707190671561,0.694344163658243,0.8096351730589336,0.8096351730589336,0.3840725806451613,0.7163998059194566,0.7127812962068862,1222,762,407,1731,0.0001789173111319542,lr_margin,lr,loaded,0.9133064516129032,0.9133721517240848,True,0.9,0.8907675743103027,0.6943029165267944,0.9698792695999146,540,0.25257249766136575,0.006525999866425991
experiment4_accuracy_vs_ood,Classifier-output scoring,Logistic Regression + Margin,Margin,default classifier settings,validation_best_f1,eval,Far-OOD,6685,1984,4701,0.920384239626435,0.9554021932522035,0.3180443548387097,0.09232109785079956,0.909036445332002,0.8566051938276251,0.9683046160391406,0.9683046160391406,0.3840725806451613,0.8637247569184742,0.7921160176969897,1222,762,149,4552,0.0001789173111319542,lr_margin,lr,loaded,0.9133064516129032,0.9133721517240848,True,0.9,0.8907675743103027,0.3848743140697479,0.7724338173866272,228,0.048500319081046586,0.006525999866425991
experiment4_accuracy_vs_ood,Classifier-output scoring,Logistic Regression + MaxLogit,MaxLogit,default classifier settings,validation_best_f1,validation,Overall,2209,496,1713,0.937044517258912,0.9813991539550717,0.36088709677419356,-9.52241325378418,0.9261055634807418,0.9056919642857143,0.9474605954465849,0.9474605954465849,0.3407258064516129,0.882752376641014,0.803367394497486,327,169,90,1623,0.00021458277478814125,lr_max_logit,lr,loaded,0.9133064516129032,0.9133721517240848,True,0.9,0.8889357447624207,0.4735635817050934,0.8940969109535217,164,0.09573847051955633,
experiment4_accuracy_vs_ood,Classifier-output scoring,Logistic Regression + MaxLogit,MaxLogit,default classifier settings,validation_best_f1,validation,Near-OOD,1029,496,533,0.8255386431035525,0.8164472631526323,0.6169354838709677,-9.52241325378418,0.7801911381407471,0.7265372168284789,0.8424015009380863,0.8424015009380863,0.3407258064516129,0.7541302235179786,0.7508378472432367,327,169,84,449,0.00021458277478814125,lr_max_logit,lr,loaded,0.9133064516129032,0.9133721517240848,True,0.9,0.8889357447624207,0.6736434102058411,0.9661716818809509,115,0.21575984990619138,
experiment4_accuracy_vs_ood,Classifier-output scoring,Logistic Regression + MaxLogit,MaxLogit,default classifier settings,validation_best_f1,validation,Far-OOD,1676,496,1180,0.9874111536358667,0.9945364224821067,0.06048387096774194,-9.52241325378418,0.9306381292112564,0.874162323157111,0.9949152542372881,0.9949152542372881,0.3407258064516129,0.8955847255369929,0.8270947238928377,327,169,6,1174,0.00021458277478814125,lr_max_logit,lr,loaded,0.9133064516129032,0.9133721517240848,True,0.9,0.8889357447624207,0.38318851590156555,0.7682386636734009,49,0.04152542372881356,
experiment4_accuracy_vs_ood,Classifier-output scoring,Logistic Regression + MaxLogit,MaxLogit,default classifier settings,validation_best_f1,eval,Overall,8823,1984,6839,0.9321974907315256,0.980184021104111,0.4022177419354839,-9.52241325378418,0.9156157670966347,0.9026712134129014,0.9289369790905103,0.9289369790905103,0.34526209677419356,0.86727870338887,0.7918374411581584,1299,685,486,6353,0.00021458277478814125,lr_max_logit,lr,loaded,0.9133064516129032,0.9133721517240848,True,0.9,0.8907675743103027,0.4816075265407562,0.9168469309806824,768,0.11229711946190964,0.00584258371964097
experiment4_accuracy_vs_ood,Classifier-output scoring,Logistic Regression + MaxLogit,MaxLogit,default classifier settings,validation_best_f1,eval,Near-OOD,4122,1984,2138,0.8098045590165666,0.8061654008767914,0.6527217741935484,-9.52241325378418,0.7467258601553829,0.710604140261935,0.7867165575304023,0.7867165575304023,0.34526209677419356,0.7231926249393499,0.7207272303781044,1299,685,456,1682,0.00021458277478814125,lr_max_logit,lr,loaded,0.9133064516129032,0.9133721517240848,True,0.9,0.8907675743103027,0.6943029165267944,0.9698792695999146,540,0.25257249766136575,0.00584258371964097
experiment4_accuracy_vs_ood,Classifier-output scoring,Logistic Regression + MaxLogit,MaxLogit,default classifier settings,validation_best_f1,eval,Far-OOD,6685,1984,4701,0.9878614107499434,0.9948443662994085,0.057459677419354836,-9.52241325378418,0.9289052401312519,0.8721060492905153,0.9936183790682833,0.9936183790682833,0.34526209677419356,0.8930441286462228,0.8241781411470449,1299,685,30,4671,0.00021458277478814125,lr_max_logit,lr,loaded,0.9133064516129032,0.9133721517240848,True,0.9,0.8907675743103027,0.3848743140697479,0.7724338173866272,228,0.048500319081046586,0.00584258371964097
experiment4_accuracy_vs_ood,Classifier-output scoring,Logistic Regression + Energy,Energy,default classifier settings,validation_best_f1,validation,Overall,2209,496,1713,0.9377695233790936,0.9818818108084703,0.3467741935483871,-9.661263465881348,0.9276522733771805,0.9091928251121076,0.9468768242848803,0.9468768242848803,0.32661290322580644,0.8854685377999094,0.810131960529537,334,162,91,1622,0.0001565832644701004,lr_energy,lr,loaded,0.9133064516129032,0.9133721517240848,True,0.9,0.8889357447624207,0.4735635817050934,0.8940969109535217,164,0.09573847051955633,
experiment4_accuracy_vs_ood,Classifier-output scoring,Logistic Regression + Energy,Energy,default classifier settings,validation_best_f1,validation,Near-OOD,1029,496,533,0.8208822550384314,0.8066552332197221,0.6108870967741935,-9.661263465881348,0.7817703768624014,0.7335526315789473,0.8367729831144465,0.8367729831144465,0.32661290322580644,0.7580174927113703,0.75508003994432,334,162,87,446,0.0001565832644701004,lr_energy,lr,loaded,0.9133064516129032,0.9133721517240848,True,0.9,0.8889357447624207,0.6736434102058411,0.9661716818809509,115,0.21575984990619138,
experiment4_accuracy_vs_ood,Classifier-output scoring,Logistic Regression + Energy,Energy,default classifier settings,validation_best_f1,validation,Far-OOD,1676,496,1180,0.9905669081465283,0.996091150791846,0.03024193548387097,-9.661263465881348,0.9340746624305004,0.8789237668161435,0.9966101694915255,0.9966101694915255,0.32661290322580644,0.9009546539379475,0.8349986331328595,334,162,4,1176,0.0001565832644701004,lr_energy,lr,loaded,0.9133064516129032,0.9133721517240848,True,0.9,0.8889357447624207,0.38318851590156555,0.7682386636734009,49,0.04152542372881356,
experiment4_accuracy_vs_ood,Classifier-output scoring,Logistic Regression + Energy,Energy,default classifier settings,validation_best_f1,eval,Overall,8823,1984,6839,0.9330849088364175,0.9805865458515655,0.3865927419354839,-9.661263465881348,0.9198470528821874,0.907861008259755,0.9321538236584296,0.9321538236584296,0.32610887096774194,0.8740791114133515,0.8030224763453438,1337,647,464,6375,0.0001565832644701004,lr_energy,lr,loaded,0.9133064516129032,0.9133721517240848,True,0.9,0.8907675743103027,0.4816075265407562,0.9168469309806824,768,0.11229711946190964,0.008859791792929173
experiment4_accuracy_vs_ood,Classifier-output scoring,Logistic Regression + Energy,Energy,default classifier settings,validation_best_f1,eval,Near-OOD,4122,1984,2138,0.806302147771508,0.798820846653193,0.657258064516129,-9.661263465881348,0.7561411344350156,0.7235042735042735,0.7918615528531338,0.7918615528531338,0.32610887096774194,0.735080058224163,0.7328763409426959,1337,647,445,1693,0.0001565832644701004,lr_energy,lr,loaded,0.9133064516129032,0.9133721517240848,True,0.9,0.8907675743103027,0.6943029165267944,0.9698792695999146,540,0.25257249766136575,0.008859791792929173
experiment4_accuracy_vs_ood,Classifier-output scoring,Logistic Regression + Energy,Energy,default classifier settings,validation_best_f1,eval,Far-OOD,6685,1984,4701,0.9907453094228408,0.9961615988217103,0.03578629032258065,-9.661263465881348,0.9335992023928216,0.8785888534434227,0.9959583067432461,0.9959583067432461,0.32610887096774194,0.90037397157816,0.8349247178877521,1337,647,19,4682,0.0001565832644701004,lr_energy,lr,loaded,0.9133064516129032,0.9133721517240848,True,0.9,0.8907675743103027,0.3848743140697479,0.7724338173866272,228,0.048500319081046586,0.008859791792929173
experiment4_accuracy_vs_ood,Classifier-output scoring,MLP + MSP,MSP,default classifier settings,validation_best_f1,validation,Overall,2209,496,1713,0.8743738583507523,0.9538853397692095,0.532258064516129,1.9073486328125e-05,0.9088863892013498,0.8768312533912099,0.9433741973146527,0.9433741973146527,0.4576612903225806,0.8533272974196469,0.742856453496036,269,227,97,1616,0.0016902917996048927,mlp_msp,mlp,loaded,0.9133064516129032,0.9132524940603197,False,0.9,0.9806575179100037,0.8254755139350891,0.9998807907104492,887,0.5178050204319906,
experiment4_accuracy_vs_ood,Classifier-output scoring,MLP + MSP,MSP,default classifier settings,validation_best_f1,validation,Near-OOD,1029,496,533,0.7726162016582945,0.7687676751373251,0.7862903225806451,1.9073486328125e-05,0.7406793703396851,0.6632047477744807,0.8386491557223265,0.8386491557223265,0.4576612903225806,0.6958211856171039,0.6904939326998729,269,227,86,447,0.0016902917996048927,mlp_msp,mlp,loaded,0.9133064516129032,0.9132524940603197,False,0.9,0.9806575179100037,0.9085010886192322,0.9999964833259583,377,0.7073170731707317,
experiment4_accuracy_vs_ood,Classifier-output scoring,MLP + MSP,MSP,default classifier settings,validation_best_f1,validation,Far-OOD,1676,496,1180,0.9203372744669218,0.9564336250698509,0.29435483870967744,1.9073486328125e-05,0.907608695652174,0.8373925501432665,0.9906779661016949,0.9906779661016949,0.4576612903225806,0.8579952267303103,0.7665083378895572,269,227,11,1169,0.0016902917996048927,mlp_msp,mlp,loaded,0.9133064516129032,0.9132524940603197,False,0.9,0.9806575179100037,0.7879732847213745,0.9981887340545654,510,0.4322033898305085,
experiment4_accuracy_vs_ood,Classifier-output scoring,MLP + MSP,MSP,default classifier settings,validation_best_f1,eval,Overall,8823,1984,6839,0.8660185121858033,0.9513734517676535,0.5463709677419355,1.9073486328125e-05,0.9019079367331017,0.8757575757575757,0.9296680801286737,0.9296680801286737,0.45463709677419356,0.8432505950357021,0.7375154916772402,1082,902,481,6358,0.0016902917996048927,mlp_msp,mlp,loaded,0.9133064516129032,0.9132524940603197,False,0.9,0.9824762940406799,0.831104040145874,0.9999186992645264,3775,0.551981283813423,0.02817016700282693
experiment4_accuracy_vs_ood,Classifier-output scoring,MLP + MSP,MSP,default classifier settings,validation_best_f1,eval,Near-OOD,4122,1984,2138,0.7579321428302,0.7601796776216299,0.7641129032258065,1.9073486328125e-05,0.7229573618987608,0.6561189477697293,0.8049579045837231,0.8049579045837231,0.45463709677419356,0.6800097040271713,0.6751604039047647,1082,902,417,1721,0.0016902917996048927,mlp_msp,mlp,loaded,0.9133064516129032,0.9132524940603197,False,0.9,0.9824762940406799,0.9117187857627869,0.9999976754188538,1606,0.7511693171188026,0.02817016700282693
experiment4_accuracy_vs_ood,Classifier-output scoring,MLP + MSP,MSP,default classifier settings,validation_best_f1,eval,Far-OOD,6685,1984,4701,0.9151758526840549,0.9543093771048533,0.30393145161290325,1.9073486328125e-05,0.9056640625,0.837154721068785,0.9863858753456711,0.9863858753456711,0.45463709677419356,0.8554973821989529,0.7658743892857388,1082,902,64,4637,0.0016902917996048927,mlp_msp,mlp,loaded,0.9133064516129032,0.9132524940603197,False,0.9,0.9824762940406799,0.794440746307373,0.998710036277771,2169,0.46139119336311424,0.02817016700282693
experiment4_accuracy_vs_ood,Classifier-output scoring,MLP + Entropy,Entropy,default classifier settings,validation_best_f1,validation,Overall,2209,496,1713,0.8780871608007079,0.9574002109687102,0.532258064516129,0.00023175675596576184,0.9089376053962901,0.8764227642276423,0.9439579684763573,0.9439579684763573,0.4596774193548387,0.8533272974196469,0.7421402745607593,268,228,96,1617,0.001492166891694069,mlp_entropy,mlp,loaded,0.9133064516129032,0.9132524940603197,False,0.9,0.9806575179100037,0.8254755139350891,0.9998807907104492,887,0.5178050204319906,
experiment4_accuracy_vs_ood,Classifier-output scoring,MLP + Entropy,Entropy,default classifier settings,validation_best_f1,validation,Near-OOD,1029,496,533,0.7727448102644798,0.769693905664663,0.7620967741935484,0.00023175675596576184,0.7411083540115798,0.6627218934911243,0.8405253283302064,0.8405253283302064,0.4596774193548387,0.6958211856171039,0.6904239544876838,268,228,85,448,0.001492166891694069,mlp_entropy,mlp,loaded,0.9133064516129032,0.9132524940603197,False,0.9,0.9806575179100037,0.9085010886192322,0.9999964833259583,377,0.7073170731707317,
experiment4_accuracy_vs_ood,Classifier-output scoring,MLP + Entropy,Entropy,default classifier settings,validation_best_f1,validation,Far-OOD,1676,496,1180,0.925669764898852,0.9620191487720555,0.29838709677419356,0.00023175675596576184,0.9072564998059759,0.8367931281317108,0.9906779661016949,0.9906779661016949,0.4596774193548387,0.8573985680190931,0.7655002733734281,268,228,11,1169,0.001492166891694069,mlp_entropy,mlp,loaded,0.9133064516129032,0.9132524940603197,False,0.9,0.9806575179100037,0.7879732847213745,0.9981887340545654,510,0.4322033898305085,
experiment4_accuracy_vs_ood,Classifier-output scoring,MLP + Entropy,Entropy,default classifier settings,validation_best_f1,eval,Overall,8823,1984,6839,0.8693593933512257,0.9545657059586657,0.5448588709677419,0.00023175675596576184,0.902041394953218,0.8753611225753198,0.9303991811668373,0.9303991811668373,0.4566532258064516,0.8433639351694435,0.7368729776801928,1078,906,476,6363,0.001492166891694069,mlp_entropy,mlp,loaded,0.9133064516129032,0.9132524940603197,False,0.9,0.9824762940406799,0.831104040145874,0.9999186992645264,3775,0.551981283813423,0.02845799969509244
experiment4_accuracy_vs_ood,Classifier-output scoring,MLP + Entropy,Entropy,default classifier settings,validation_best_f1,eval,Near-OOD,4122,1984,2138,0.7578002410302062,0.7604189184995533,0.7615927419354839,0.00023175675596576184,0.7228865114327669,0.6553822746291366,0.8058933582787652,0.8058933582787652,0.4566532258064516,0.6795245026686074,0.6746200662361568,1078,906,415,1723,0.001492166891694069,mlp_entropy,mlp,loaded,0.9133064516129032,0.9132524940603197,False,0.9,0.9824762940406799,0.9117187857627869,0.9999976754188538,1606,0.7511693171188026,0.02845799969509244
experiment4_accuracy_vs_ood,Classifier-output scoring,MLP + Entropy,Entropy,default classifier settings,validation_best_f1,eval,Far-OOD,6685,1984,4701,0.9200961446089025,0.9594317695981867,0.3034274193548387,0.00023175675596576184,0.9056309163657655,0.8366390191128742,0.9870240374388428,0.9870240374388428,0.4566532258064516,0.8553477935676889,0.7651854058161955,1078,906,61,4640,0.001492166891694069,mlp_entropy,mlp,loaded,0.9133064516129032,0.9132524940603197,False,0.9,0.9824762940406799,0.794440746307373,0.998710036277771,2169,0.46139119336311424,0.02845799969509244
experiment4_accuracy_vs_ood,Classifier-output scoring,MLP + Margin,Margin,default classifier settings,validation_best_f1,validation,Overall,2209,496,1713,0.8721594118976329,0.9508818316678588,0.5342741935483871,3.8623809814453125e-05,0.9090909090909091,0.8802624384909786,0.939871570344425,0.939871570344425,0.4415322580645161,0.854232684472612,0.7491696561399545,277,219,103,1610,0.0013787909410893917,mlp_margin,mlp,loaded,0.9133064516129032,0.9132524940603197,False,0.9,0.9806575179100037,0.8254755139350891,0.9998807907104492,887,0.5178050204319906,
experiment4_accuracy_vs_ood,Classifier-output scoring,MLP + Margin,Margin,default classifier settings,validation_best_f1,validation,Near-OOD,1029,496,533,0.7732233099316105,0.7677341047043927,0.7580645161290323,3.8623809814453125e-05,0.7414225941422594,0.6691842900302115,0.8311444652908068,0.8311444652908068,0.4415322580645161,0.6997084548104956,0.6948061036131453,277,219,90,443,0.0013787909410893917,mlp_margin,mlp,loaded,0.9133064516129032,0.9132524940603197,False,0.9,0.9806575179100037,0.9085010886192322,0.9999964833259583,377,0.7073170731707317,
experiment4_accuracy_vs_ood,Classifier-output scoring,MLP + Margin,Margin,default classifier settings,validation_best_f1,validation,Far-OOD,1676,496,1180,0.91684834609076,0.9514714496762544,0.28830645161290325,3.8623809814453125e-05,0.9095869056897895,0.841991341991342,0.9889830508474576,0.9889830508474576,0.4415322580645161,0.8615751789976134,0.7737253963914708,277,219,13,1167,0.0013787909410893917,mlp_margin,mlp,loaded,0.9133064516129032,0.9132524940603197,False,0.9,0.9806575179100037,0.7879732847213745,0.9981887340545654,510,0.4322033898305085,
experiment4_accuracy_vs_ood,Classifier-output scoring,MLP + Margin,Margin,default classifier settings,validation_best_f1,eval,Overall,8823,1984,6839,0.8636301259616337,0.9480329017104934,0.546875,3.8623809814453125e-05,0.9011379800853485,0.8773023126990721,0.9263050153531218,0.9263050153531218,0.4465725806451613,0.8424572140995127,0.7398662173539803,1098,886,504,6335,0.0013787909410893917,mlp_margin,mlp,loaded,0.9133064516129032,0.9132524940603197,False,0.9,0.9824762940406799,0.831104040145874,0.9999186992645264,3775,0.551981283813423,0.025995666161179543
experiment4_accuracy_vs_ood,Classifier-output scoring,MLP + Margin,Margin,default classifier settings,validation_best_f1,eval,Near-OOD,4122,1984,2138,0.7585617116539425,0.7583426056897973,0.7696572580645161,3.8623809814453125e-05,0.7224334600760456,0.6587057010785824,0.7998129092609916,0.7998129092609916,0.4465725806451613,0.6812227074235808,0.6766201643079152,1098,886,428,1710,0.0013787909410893917,mlp_margin,mlp,loaded,0.9133064516129032,0.9132524940603197,False,0.9,0.9824762940406799,0.9117187857627869,0.9999976754188538,1606,0.7511693171188026,0.025995666161179543
experiment4_accuracy_vs_ood,Classifier-output scoring,MLP + Margin,Margin,default classifier settings,validation_best_f1,eval,Far-OOD,6685,1984,4701,0.911414910005421,0.9486718470657876,0.3019153225806452,3.8623809814453125e-05,0.9057971014492754,0.8392306296497913,0.9838332269729845,0.9838332269729845,0.4465725806451613,0.856095736724009,0.7686303231639116,1098,886,76,4625,0.0013787909410893917,mlp_margin,mlp,loaded,0.9133064516129032,0.9132524940603197,False,0.9,0.9824762940406799,0.794440746307373,0.998710036277771,2169,0.46139119336311424,0.025995666161179543
experiment4_accuracy_vs_ood,Classifier-output scoring,MLP + MaxLogit,MaxLogit,default classifier settings,validation_best_f1,validation,Overall,2209,496,1713,0.8743738583507523,0.9538853397692095,0.532258064516129,1.9073668227065355e-05,0.9088863892013498,0.8768312533912099,0.9433741973146527,0.9433741973146527,0.4576612903225806,0.8533272974196469,0.742856453496036,269,227,97,1616,0.0013919170014560223,mlp_max_logit,mlp,loaded,0.9133064516129032,0.9132524940603197,False,0.9,0.9806575179100037,0.8254755139350891,0.9998807907104492,887,0.5178050204319906,
experiment4_accuracy_vs_ood,Classifier-output scoring,MLP + MaxLogit,MaxLogit,default classifier settings,validation_best_f1,validation,Near-OOD,1029,496,533,0.7726162016582945,0.7687676751373251,0.7862903225806451,1.9073668227065355e-05,0.7406793703396851,0.6632047477744807,0.8386491557223265,0.8386491557223265,0.4576612903225806,0.6958211856171039,0.6904939326998729,269,227,86,447,0.0013919170014560223,mlp_max_logit,mlp,loaded,0.9133064516129032,0.9132524940603197,False,0.9,0.9806575179100037,0.9085010886192322,0.9999964833259583,377,0.7073170731707317,
experiment4_accuracy_vs_ood,Classifier-output scoring,MLP + MaxLogit,MaxLogit,default classifier settings,validation_best_f1,validation,Far-OOD,1676,496,1180,0.9203372744669218,0.9564336250698509,0.29435483870967744,1.9073668227065355e-05,0.907608695652174,0.8373925501432665,0.9906779661016949,0.9906779661016949,0.4576612903225806,0.8579952267303103,0.7665083378895572,269,227,11,1169,0.0013919170014560223,mlp_max_logit,mlp,loaded,0.9133064516129032,0.9132524940603197,False,0.9,0.9806575179100037,0.7879732847213745,0.9981887340545654,510,0.4322033898305085,
experiment4_accuracy_vs_ood,Classifier-output scoring,MLP + MaxLogit,MaxLogit,default classifier settings,validation_best_f1,eval,Overall,8823,1984,6839,0.8660185121858033,0.9513734517676535,0.5463709677419355,1.9073668227065355e-05,0.9019079367331017,0.8757575757575757,0.9296680801286737,0.9296680801286737,0.45463709677419356,0.8432505950357021,0.7375154916772402,1082,902,481,6358,0.0013919170014560223,mlp_max_logit,mlp,loaded,0.9133064516129032,0.9132524940603197,False,0.9,0.9824762940406799,0.831104040145874,0.9999186992645264,3775,0.551981283813423,0.027432582806795835
experiment4_accuracy_vs_ood,Classifier-output scoring,MLP + MaxLogit,MaxLogit,default classifier settings,validation_best_f1,eval,Near-OOD,4122,1984,2138,0.7579321428302,0.7601796776216299,0.7641129032258065,1.9073668227065355e-05,0.7229573618987608,0.6561189477697293,0.8049579045837231,0.8049579045837231,0.45463709677419356,0.6800097040271713,0.6751604039047647,1082,902,417,1721,0.0013919170014560223,mlp_max_logit,mlp,loaded,0.9133064516129032,0.9132524940603197,False,0.9,0.9824762940406799,0.9117187857627869,0.9999976754188538,1606,0.7511693171188026,0.027432582806795835
experiment4_accuracy_vs_ood,Classifier-output scoring,MLP + MaxLogit,MaxLogit,default classifier settings,validation_best_f1,eval,Far-OOD,6685,1984,4701,0.9151758526840549,0.9543093771048533,0.30393145161290325,1.9073668227065355e-05,0.9056640625,0.837154721068785,0.9863858753456711,0.9863858753456711,0.45463709677419356,0.8554973821989529,0.7658743892857388,1082,902,64,4637,0.0013919170014560223,mlp_max_logit,mlp,loaded,0.9133064516129032,0.9132524940603197,False,0.9,0.9824762940406799,0.794440746307373,0.998710036277771,2169,0.46139119336311424,0.027432582806795835
experiment4_accuracy_vs_ood,Classifier-output scoring,MLP + Energy,Energy,default classifier settings,validation_best_f1,validation,Overall,2209,496,1713,0.552850709941058,0.8315421395753293,0.9616935483870968,-2.980232238769531e-07,0.8737566947207345,0.7758152173913043,1.0,1.0,0.9979838709677419,0.7759167043911273,0.501008064516129,1,495,0,1713,0.0016200416721403599,mlp_energy,mlp,loaded,0.9133064516129032,0.9132524940603197,False,0.9,0.9806575179100037,0.8254755139350891,0.9998807907104492,887,0.5178050204319906,
experiment4_accuracy_vs_ood,Classifier-output scoring,MLP + Energy,Energy,default classifier settings,validation_best_f1,validation,Near-OOD,1029,496,533,0.518937617260788,0.570226002223455,0.9576612903225806,-2.980232238769531e-07,0.6828955797565663,0.5184824902723736,1.0,1.0,0.9979838709677419,0.5189504373177842,0.501008064516129,1,495,0,533,0.0016200416721403599,mlp_energy,mlp,loaded,0.9133064516129032,0.9132524940603197,False,0.9,0.9806575179100037,0.9085010886192322,0.9999964833259583,377,0.7073170731707317,
experiment4_accuracy_vs_ood,Classifier-output scoring,MLP + Energy,Energy,default classifier settings,validation_best_f1,validation,Far-OOD,1676,496,1180,0.5681690814652816,0.7878346391687387,0.9616935483870968,-2.980232238769531e-07,0.8266199649737302,0.7044776119402985,1.0,1.0,0.9979838709677419,0.704653937947494,0.501008064516129,1,495,0,1180,0.0016200416721403599,mlp_energy,mlp,loaded,0.9133064516129032,0.9132524940603197,False,0.9,0.9806575179100037,0.7879732847213745,0.9981887340545654,510,0.4322033898305085,
experiment4_accuracy_vs_ood,Classifier-output scoring,MLP + Energy,Energy,default classifier settings,validation_best_f1,eval,Overall,8823,1984,6839,0.5236460333051899,0.8095200648847148,0.9692540322580645,-2.980232238769531e-07,0.8733635608915001,0.7752834467120181,0.9998537797923673,0.9998537797923673,0.998991935483871,0.7752465147908875,0.5004309221542482,2,1982,1,6838,0.0016200416721403599,mlp_energy,mlp,loaded,0.9133064516129032,0.9132524940603197,False,0.9,0.9824762940406799,0.831104040145874,0.9999186992645264,3775,0.551981283813423,0.031534167006611824
experiment4_accuracy_vs_ood,Classifier-output scoring,MLP + Energy,Energy,default classifier settings,validation_best_f1,eval,Near-OOD,4122,1984,2138,0.5094058124490781,0.5395682760563973,0.952116935483871,-2.980232238769531e-07,0.6832853946947907,0.5189320388349514,1.0,1.0,0.998991935483871,0.5191654536632703,0.5005040322580645,2,1982,0,2138,0.0016200416721403599,mlp_energy,mlp,loaded,0.9133064516129032,0.9132524940603197,False,0.9,0.9824762940406799,0.9117187857627869,0.9999976754188538,1606,0.7511693171188026,0.031534167006611824
experiment4_accuracy_vs_ood,Classifier-output scoring,MLP + Energy,Energy,default classifier settings,validation_best_f1,eval,Far-OOD,6685,1984,4701,0.5301224409185417,0.7566703990435246,0.9692540322580645,-2.980232238769531e-07,0.825792848985329,0.7033822208919486,0.9997872793022761,0.9997872793022761,0.998991935483871,0.7033657442034406,0.5003976719092026,2,1982,1,4700,0.0016200416721403599,mlp_energy,mlp,loaded,0.9133064516129032,0.9132524940603197,False,0.9,0.9824762940406799,0.794440746307373,0.998710036277771,2169,0.46139119336311424,0.031534167006611824
experiment4_accuracy_vs_ood,Classifier-output scoring,Gaussian Naive Bayes + MSP,MSP,default classifier settings,validation_best_f1,validation,Overall,2209,496,1713,0.7318154106171028,0.8743450903385425,1.0,0.0,0.8735339112697603,0.7754640108646447,1.0,1.0,1.0,0.7754640108646447,0.5,0,496,0,1713,0.0002469997853040695,gnb_msp,gnb,loaded,0.8825604838709677,0.8821261228221916,False,0.9,0.9974513293634966,0.9845253732938389,1.0,1633,0.9532983070636311,
experiment4_accuracy_vs_ood,Classifier-output scoring,Gaussian Naive Bayes + MSP,MSP,default classifier settings,validation_best_f1,validation,Near-OOD,1029,496,533,0.6603257580342552,0.6346707333302496,1.0,0.0,0.6824583866837388,0.5179786200194364,1.0,1.0,1.0,0.5179786200194364,0.5,0,496,0,533,0.0002469997853040695,gnb_msp,gnb,loaded,0.8825604838709677,0.8821261228221916,False,0.9,0.9974513293634966,0.9907208070794469,1.0,517,0.9699812382739212,
experiment4_accuracy_vs_ood,Classifier-output scoring,Gaussian Naive Bayes + MSP,MSP,default classifier settings,validation_best_f1,validation,Far-OOD,1676,496,1180,0.7641069231820665,0.8506241555837284,1.0,0.0,0.8263305322128851,0.7040572792362768,1.0,1.0,1.0,0.7040572792362768,0.5,0,496,0,1180,0.0002469997853040695,gnb_msp,gnb,loaded,0.8825604838709677,0.8821261228221916,False,0.9,0.9974513293634966,0.9817269273550853,1.0,1116,0.9457627118644067,
experiment4_accuracy_vs_ood,Classifier-output scoring,Gaussian Naive Bayes + MSP,MSP,default classifier settings,validation_best_f1,eval,Overall,8823,1984,6839,0.7238931336641369,0.8734188967953769,1.0,0.0,0.8733239688417826,0.775133174657146,1.0,1.0,1.0,0.775133174657146,0.5,0,1984,0,6839,0.0002469997853040695,gnb_msp,gnb,loaded,0.8825604838709677,0.8821261228221916,False,0.9,0.9973197840046306,0.9851563522730611,1.0,6525,0.9540868548033338,0.16781733371317387
experiment4_accuracy_vs_ood,Classifier-output scoring,Gaussian Naive Bayes + MSP,MSP,default classifier settings,validation_best_f1,eval,Near-OOD,4122,1984,2138,0.6517139454268386,0.6409502535197361,1.0,0.0,0.6830670926517571,0.5186802523047065,1.0,1.0,1.0,0.5186802523047065,0.5,0,1984,0,2138,0.0002469997853040695,gnb_msp,gnb,loaded,0.8825604838709677,0.8821261228221916,False,0.9,0.9973197840046306,0.9894488040427092,1.0,2070,0.9681945743685687,0.16781733371317387
experiment4_accuracy_vs_ood,Classifier-output scoring,Gaussian Naive Bayes + MSP,MSP,default classifier settings,validation_best_f1,eval,Far-OOD,6685,1984,4701,0.7567200012351523,0.8488989107757635,1.0,0.0,0.8257509221851397,0.7032161555721765,1.0,1.0,1.0,0.7032161555721765,0.5,0,1984,0,4701,0.0002469997853040695,gnb_msp,gnb,loaded,0.8825604838709677,0.8821261228221916,False,0.9,0.9973197840046306,0.9832041587220065,1.0,4455,0.9476707083599234,0.16781733371317387
experiment4_accuracy_vs_ood,Classifier-output scoring,Gaussian Naive Bayes + Entropy,Entropy,default classifier settings,validation_best_f1,validation,Overall,2209,496,1713,0.8363445803438601,0.9240483059882112,0.47580645161290325,4.344025239406933e-43,0.9108744394618834,0.876010781671159,0.9486281377699942,0.9486281377699942,0.4637096774193548,0.8560434585785424,0.7424592301753197,266,230,88,1625,0.00023133307695388794,gnb_entropy,gnb,loaded,0.8825604838709677,0.8821261228221916,False,0.9,0.9974513293634966,0.9845253732938389,1.0,1633,0.9532983070636311,
experiment4_accuracy_vs_ood,Classifier-output scoring,Gaussian Naive Bayes + Entropy,Entropy,default classifier settings,validation_best_f1,validation,Near-OOD,1029,496,533,0.7706284421715184,0.7289951686842355,1.0,4.344025239406933e-43,0.7643724696356275,0.6723646723646723,0.8855534709193246,0.8855534709193246,0.4637096774193548,0.717201166180758,0.7109218967499848,266,230,61,472,0.00023133307695388794,gnb_entropy,gnb,loaded,0.8825604838709677,0.8821261228221916,False,0.9,0.9974513293634966,0.9907208070794469,1.0,517,0.9699812382739212,
experiment4_accuracy_vs_ood,Classifier-output scoring,Gaussian Naive Bayes + Entropy,Entropy,default classifier settings,validation_best_f1,validation,Far-OOD,1676,496,1180,0.8660282258064516,0.910664332735631,0.3407258064516129,4.344025239406933e-43,0.8997268825595006,0.8336948662328272,0.9771186440677966,0.9771186440677966,0.4637096774193548,0.8466587112171837,0.7567044833242209,266,230,27,1153,0.00023133307695388794,gnb_entropy,gnb,loaded,0.8825604838709677,0.8821261228221916,False,0.9,0.9974513293634966,0.9817269273550853,1.0,1116,0.9457627118644067,
experiment4_accuracy_vs_ood,Classifier-output scoring,Gaussian Naive Bayes + Entropy,Entropy,default classifier settings,validation_best_f1,eval,Overall,8823,1984,6839,0.8318885121032598,0.9246049528288889,1.0,4.344025239406933e-43,0.9021731486039806,0.8691056910569106,0.9378564117561047,0.9378564117561047,0.48689516129032256,0.8423438739657713,0.725480625232891,1018,966,425,6414,0.00023133307695388794,gnb_entropy,gnb,loaded,0.8825604838709677,0.8821261228221916,False,0.9,0.9973197840046306,0.9851563522730611,1.0,6525,0.9540868548033338,0.17234233394265175
experiment4_accuracy_vs_ood,Classifier-output scoring,Gaussian Naive Bayes + Entropy,Entropy,default classifier settings,validation_best_f1,eval,Near-OOD,4122,1984,2138,0.7539169765985696,0.7286281345591601,1.0,4.344025239406933e-43,0.7425562082236176,0.654876741693462,0.8573433115060805,0.8573433115060805,0.48689516129032256,0.6916545366327026,0.6852240751078789,1018,966,305,1833,0.00023133307695388794,gnb_entropy,gnb,loaded,0.8825604838709677,0.8821261228221916,False,0.9,0.9973197840046306,0.9894488040427092,1.0,2070,0.9681945743685687,0.17234233394265175
experiment4_accuracy_vs_ood,Classifier-output scoring,Gaussian Naive Bayes + Entropy,Entropy,default classifier settings,validation_best_f1,eval,Far-OOD,6685,1984,4701,0.8673497209756332,0.9129424145789208,0.3629032258064516,4.344025239406933e-43,0.8940281030444965,0.8258518117901569,0.9744735162731334,0.9744735162731334,0.48689516129032256,0.83754674644727,0.7437891774914054,1018,966,120,4581,0.00023133307695388794,gnb_entropy,gnb,loaded,0.8825604838709677,0.8821261228221916,False,0.9,0.9973197840046306,0.9832041587220065,1.0,4455,0.9476707083599234,0.17234233394265175
experiment4_accuracy_vs_ood,Classifier-output scoring,Gaussian Naive Bayes + Margin,Margin,default classifier settings,validation_best_f1,validation,Overall,2209,496,1713,0.759725792328117,0.886028188022661,1.0,0.0,0.8735339112697603,0.7754640108646447,1.0,1.0,1.0,0.7754640108646447,0.5,0,496,0,1713,0.00022849999368190765,gnb_margin,gnb,loaded,0.8825604838709677,0.8821261228221916,False,0.9,0.9974513293634966,0.9845253732938389,1.0,1633,0.9532983070636311,
experiment4_accuracy_vs_ood,Classifier-output scoring,Gaussian Naive Bayes + Margin,Margin,default classifier settings,validation_best_f1,validation,Near-OOD,1029,496,533,0.6840578284815105,0.65181478640461,1.0,0.0,0.6824583866837388,0.5179786200194364,1.0,1.0,1.0,0.5179786200194364,0.5,0,496,0,533,0.00022849999368190765,gnb_margin,gnb,loaded,0.8825604838709677,0.8821261228221916,False,0.9,0.9974513293634966,0.9907208070794469,1.0,517,0.9699812382739212,
experiment4_accuracy_vs_ood,Classifier-output scoring,Gaussian Naive Bayes + Margin,Margin,default classifier settings,validation_best_f1,validation,Far-OOD,1676,496,1180,0.7939046268452707,0.8668215962907767,1.0,0.0,0.8263305322128851,0.7040572792362768,1.0,1.0,1.0,0.7040572792362768,0.5,0,496,0,1180,0.00022849999368190765,gnb_margin,gnb,loaded,0.8825604838709677,0.8821261228221916,False,0.9,0.9974513293634966,0.9817269273550853,1.0,1116,0.9457627118644067,
experiment4_accuracy_vs_ood,Classifier-output scoring,Gaussian Naive Bayes + Margin,Margin,default classifier settings,validation_best_f1,eval,Overall,8823,1984,6839,0.7520764522378767,0.8858051398185417,1.0,0.0,0.8733239688417826,0.775133174657146,1.0,1.0,1.0,0.775133174657146,0.5,0,1984,0,6839,0.00022849999368190765,gnb_margin,gnb,loaded,0.8825604838709677,0.8821261228221916,False,0.9,0.9973197840046306,0.9851563522730611,1.0,6525,0.9540868548033338,0.17841587495058775
experiment4_accuracy_vs_ood,Classifier-output scoring,Gaussian Naive Bayes + Margin,Margin,default classifier settings,validation_best_f1,eval,Near-OOD,4122,1984,2138,0.6679514224176952,0.6547762615797312,1.0,0.0,0.6830670926517571,0.5186802523047065,1.0,1.0,1.0,0.5186802523047065,0.5,0,1984,0,2138,0.00022849999368190765,gnb_margin,gnb,loaded,0.8825604838709677,0.8821261228221916,False,0.9,0.9973197840046306,0.9894488040427092,1.0,2070,0.9681945743685687,0.17841587495058775
experiment4_accuracy_vs_ood,Classifier-output scoring,Gaussian Naive Bayes + Margin,Margin,default classifier settings,validation_best_f1,eval,Far-OOD,6685,1984,4701,0.7903362509520966,0.8676977188184016,1.0,0.0,0.8257509221851397,0.7032161555721765,1.0,1.0,1.0,0.7032161555721765,0.5,0,1984,0,4701,0.00022849999368190765,gnb_margin,gnb,loaded,0.8825604838709677,0.8821261228221916,False,0.9,0.9973197840046306,0.9832041587220065,1.0,4455,0.9476707083599234,0.17841587495058775
experiment4_accuracy_vs_ood,Classifier-output scoring,Gaussian Naive Bayes + MaxLogit,MaxLogit,default classifier settings,validation_best_f1,validation,Overall,2209,496,1713,0.7318154106171028,0.8743450903385425,1.0,-0.0,0.8735339112697603,0.7754640108646447,1.0,1.0,1.0,0.7754640108646447,0.5,0,496,0,1713,0.00021837465465068817,gnb_max_logit,gnb,loaded,0.8825604838709677,0.8821261228221916,False,0.9,0.9974513293634966,0.9845253732938389,1.0,1633,0.9532983070636311,
experiment4_accuracy_vs_ood,Classifier-output scoring,Gaussian Naive Bayes + MaxLogit,MaxLogit,default classifier settings,validation_best_f1,validation,Near-OOD,1029,496,533,0.6603257580342552,0.6346707333302496,1.0,-0.0,0.6824583866837388,0.5179786200194364,1.0,1.0,1.0,0.5179786200194364,0.5,0,496,0,533,0.00021837465465068817,gnb_max_logit,gnb,loaded,0.8825604838709677,0.8821261228221916,False,0.9,0.9974513293634966,0.9907208070794469,1.0,517,0.9699812382739212,
experiment4_accuracy_vs_ood,Classifier-output scoring,Gaussian Naive Bayes + MaxLogit,MaxLogit,default classifier settings,validation_best_f1,validation,Far-OOD,1676,496,1180,0.7641069231820665,0.8506241555837284,1.0,-0.0,0.8263305322128851,0.7040572792362768,1.0,1.0,1.0,0.7040572792362768,0.5,0,496,0,1180,0.00021837465465068817,gnb_max_logit,gnb,loaded,0.8825604838709677,0.8821261228221916,False,0.9,0.9974513293634966,0.9817269273550853,1.0,1116,0.9457627118644067,
experiment4_accuracy_vs_ood,Classifier-output scoring,Gaussian Naive Bayes + MaxLogit,MaxLogit,default classifier settings,validation_best_f1,eval,Overall,8823,1984,6839,0.7238931336641369,0.8734188967953769,1.0,-0.0,0.8733239688417826,0.775133174657146,1.0,1.0,1.0,0.775133174657146,0.5,0,1984,0,6839,0.00021837465465068817,gnb_max_logit,gnb,loaded,0.8825604838709677,0.8821261228221916,False,0.9,0.9973197840046306,0.9851563522730611,1.0,6525,0.9540868548033338,0.173591457773
experiment4_accuracy_vs_ood,Classifier-output scoring,Gaussian Naive Bayes + MaxLogit,MaxLogit,default classifier settings,validation_best_f1,eval,Near-OOD,4122,1984,2138,0.6517139454268386,0.6409502535197361,1.0,-0.0,0.6830670926517571,0.5186802523047065,1.0,1.0,1.0,0.5186802523047065,0.5,0,1984,0,2138,0.00021837465465068817,gnb_max_logit,gnb,loaded,0.8825604838709677,0.8821261228221916,False,0.9,0.9973197840046306,0.9894488040427092,1.0,2070,0.9681945743685687,0.173591457773
experiment4_accuracy_vs_ood,Classifier-output scoring,Gaussian Naive Bayes + MaxLogit,MaxLogit,default classifier settings,validation_best_f1,eval,Far-OOD,6685,1984,4701,0.7567200012351523,0.8488989107757635,1.0,-0.0,0.8257509221851397,0.7032161555721765,1.0,1.0,1.0,0.7032161555721765,0.5,0,1984,0,4701,0.00021837465465068817,gnb_max_logit,gnb,loaded,0.8825604838709677,0.8821261228221916,False,0.9,0.9973197840046306,0.9832041587220065,1.0,4455,0.9476707083599234,0.173591457773
experiment4_accuracy_vs_ood,Classifier-output scoring,Gaussian Naive Bayes + Energy,Energy,default classifier settings,validation_best_f1,validation,Overall,2209,496,1713,0.7315505950699585,0.8759795721700465,1.0,-6.099999672048995e-11,0.8735339112697603,0.7754640108646447,1.0,1.0,1.0,0.7754640108646447,0.5,0,496,0,1713,0.000239458866417408,gnb_energy,gnb,loaded,0.8825604838709677,0.8821261228221916,False,0.9,0.9974513293634966,0.9845253732938389,1.0,1633,0.9532983070636311,
experiment4_accuracy_vs_ood,Classifier-output scoring,Gaussian Naive Bayes + Energy,Energy,default classifier settings,validation_best_f1,validation,Near-OOD,1029,496,533,0.6615891484597227,0.644706868099687,1.0,-6.099999672048995e-11,0.6824583866837388,0.5179786200194364,1.0,1.0,1.0,0.5179786200194364,0.5,0,496,0,533,0.000239458866417408,gnb_energy,gnb,loaded,0.8825604838709677,0.8821261228221916,False,0.9,0.9974513293634966,0.9907208070794469,1.0,517,0.9699812382739212,
experiment4_accuracy_vs_ood,Classifier-output scoring,Gaussian Naive Bayes + Energy,Energy,default classifier settings,validation_best_f1,validation,Far-OOD,1676,496,1180,0.7631518247676325,0.8518638450588285,1.0,-6.099999672048995e-11,0.8263305322128851,0.7040572792362768,1.0,1.0,1.0,0.7040572792362768,0.5,0,496,0,1180,0.000239458866417408,gnb_energy,gnb,loaded,0.8825604838709677,0.8821261228221916,False,0.9,0.9974513293634966,0.9817269273550853,1.0,1116,0.9457627118644067,
experiment4_accuracy_vs_ood,Classifier-output scoring,Gaussian Naive Bayes + Energy,Energy,default classifier settings,validation_best_f1,eval,Overall,8823,1984,6839,0.7221484037823865,0.8724572669515765,1.0,-6.099999672048995e-11,0.8733239688417826,0.775133174657146,1.0,1.0,1.0,0.775133174657146,0.5,0,1984,0,6839,0.000239458866417408,gnb_energy,gnb,loaded,0.8825604838709677,0.8821261228221916,False,0.9,0.9973197840046306,0.9851563522730611,1.0,6525,0.9540868548033338,0.18231362476944923
experiment4_accuracy_vs_ood,Classifier-output scoring,Gaussian Naive Bayes + Energy,Energy,default classifier settings,validation_best_f1,eval,Near-OOD,4122,1984,2138,0.6502618468798094,0.6405461246738524,1.0,-6.099999672048995e-11,0.6830670926517571,0.5186802523047065,1.0,1.0,1.0,0.5186802523047065,0.5,0,1984,0,2138,0.000239458866417408,gnb_energy,gnb,loaded,0.8825604838709677,0.8821261228221916,False,0.9,0.9973197840046306,0.9894488040427092,1.0,2070,0.9681945743685687,0.18231362476944923
experiment4_accuracy_vs_ood,Classifier-output scoring,Gaussian Naive Bayes + Energy,Energy,default classifier settings,validation_best_f1,eval,Far-OOD,6685,1984,4701,0.7548421835436523,0.8471576308506366,1.0,-6.099999672048995e-11,0.8257509221851397,0.7032161555721765,1.0,1.0,1.0,0.7032161555721765,0.5,0,1984,0,4701,0.000239458866417408,gnb_energy,gnb,loaded,0.8825604838709677,0.8821261228221916,False,0.9,0.9973197840046306,0.9832041587220065,1.0,4455,0.9476707083599234,0.18231362476944923
experiment4_accuracy_vs_ood,Classifier-output scoring,LDA + MSP,MSP,default classifier settings,validation_best_f1,validation,Overall,2209,496,1713,0.6880208039093838,0.8560480065894049,1.0,0.0,0.8735339112697603,0.7754640108646447,1.0,1.0,1.0,0.7754640108646447,0.5,0,496,0,1713,0.0005246251821517944,lda_msp,lda,loaded,0.8981854838709677,0.8982119231191439,True,0.9,0.997767431333189,0.9863121236303225,1.0,1642,0.9585522475189726,
experiment4_accuracy_vs_ood,Classifier-output scoring,LDA + MSP,MSP,default classifier settings,validation_best_f1,validation,Near-OOD,1029,496,533,0.6109911184409611,0.5849932509771832,1.0,0.0,0.6824583866837388,0.5179786200194364,1.0,1.0,1.0,0.5179786200194364,0.5,0,496,0,533,0.0005246251821517944,lda_msp,lda,loaded,0.8981854838709677,0.8982119231191439,True,0.9,0.997767431333189,0.9958807105665336,1.0,527,0.9887429643527205,
experiment4_accuracy_vs_ood,Classifier-output scoring,LDA + MSP,MSP,default classifier settings,validation_best_f1,validation,Far-OOD,1676,496,1180,0.7228147211591033,0.8298460908302748,1.0,0.0,0.8263305322128851,0.7040572792362768,1.0,1.0,1.0,0.7040572792362768,0.5,0,496,0,1180,0.0005246251821517944,lda_msp,lda,loaded,0.8981854838709677,0.8982119231191439,True,0.9,0.997767431333189,0.9819900415650679,1.0,1115,0.9449152542372882,
experiment4_accuracy_vs_ood,Classifier-output scoring,LDA + MSP,MSP,default classifier settings,validation_best_f1,eval,Overall,8823,1984,6839,0.6819450692541353,0.8541773592169462,1.0,0.0,0.8733239688417826,0.775133174657146,1.0,1.0,1.0,0.775133174657146,0.5,0,1984,0,6839,0.0005246251821517944,lda_msp,lda,loaded,0.8981854838709677,0.8982119231191439,True,0.9,0.9972616149903368,0.9868167907700591,1.0,6558,0.9589121216552128,0.013347292318940163
experiment4_accuracy_vs_ood,Classifier-output scoring,LDA + MSP,MSP,default classifier settings,validation_best_f1,eval,Near-OOD,4122,1984,2138,0.590934798311657,0.5873309211355718,1.0,0.0,0.6830670926517571,0.5186802523047065,1.0,1.0,1.0,0.5186802523047065,0.5,0,1984,0,2138,0.0005246251821517944,lda_msp,lda,loaded,0.8981854838709677,0.8982119231191439,True,0.9,0.9972616149903368,0.9921292036696141,1.0,2085,0.9752104770813844,0.013347292318940163
experiment4_accuracy_vs_ood,Classifier-output scoring,LDA + MSP,MSP,default classifier settings,validation_best_f1,eval,Far-OOD,6685,1984,4701,0.7233362539542033,0.8287650193676603,1.0,0.0,0.8257509221851397,0.7032161555721765,1.0,1.0,1.0,0.7032161555721765,0.5,0,1984,0,4701,0.0005246251821517944,lda_msp,lda,loaded,0.8981854838709677,0.8982119231191439,True,0.9,0.9972616149903368,0.9844007221082319,1.0,4473,0.9514996809189534,0.013347292318940163
experiment4_accuracy_vs_ood,Classifier-output scoring,LDA + Entropy,Entropy,default classifier settings,validation_best_f1,validation,Overall,2209,496,1713,0.7752304483739149,0.8988420566162624,1.0,0.0,0.8735339112697603,0.7754640108646447,1.0,1.0,1.0,0.7754640108646447,0.5,0,496,0,1713,0.000588791910558939,lda_entropy,lda,loaded,0.8981854838709677,0.8982119231191439,True,0.9,0.997767431333189,0.9863121236303225,1.0,1642,0.9585522475189726,
experiment4_accuracy_vs_ood,Classifier-output scoring,LDA + Entropy,Entropy,default classifier settings,validation_best_f1,validation,Near-OOD,1029,496,533,0.718572217514979,0.6693703046347859,1.0,0.0,0.6824583866837388,0.5179786200194364,1.0,1.0,1.0,0.5179786200194364,0.5,0,496,0,533,0.000588791910558939,lda_entropy,lda,loaded,0.8981854838709677,0.8982119231191439,True,0.9,0.997767431333189,0.9958807105665336,1.0,527,0.9887429643527205,
experiment4_accuracy_vs_ood,Classifier-output scoring,LDA + Entropy,Entropy,default classifier settings,validation_best_f1,validation,Far-OOD,1676,496,1180,0.8008226831601969,0.8799769940219813,1.0,0.0,0.8263305322128851,0.7040572792362768,1.0,1.0,1.0,0.7040572792362768,0.5,0,496,0,1180,0.000588791910558939,lda_entropy,lda,loaded,0.8981854838709677,0.8982119231191439,True,0.9,0.997767431333189,0.9819900415650679,1.0,1115,0.9449152542372882,
experiment4_accuracy_vs_ood,Classifier-output scoring,LDA + Entropy,Entropy,default classifier settings,validation_best_f1,eval,Overall,8823,1984,6839,0.7685744252012886,0.8962959227751277,1.0,0.0,0.8733239688417826,0.775133174657146,1.0,1.0,1.0,0.775133174657146,0.5,0,1984,0,6839,0.000588791910558939,lda_entropy,lda,loaded,0.8981854838709677,0.8982119231191439,True,0.9,0.9972616149903368,0.9868167907700591,1.0,6558,0.9589121216552128,0.014028457924723625
experiment4_accuracy_vs_ood,Classifier-output scoring,LDA + Entropy,Entropy,default classifier settings,validation_best_f1,eval,Near-OOD,4122,1984,2138,0.6904987326111227,0.6606054497349688,1.0,0.0,0.6830670926517571,0.5186802523047065,1.0,1.0,1.0,0.5186802523047065,0.5,0,1984,0,2138,0.000588791910558939,lda_entropy,lda,loaded,0.8981854838709677,0.8982119231191439,True,0.9,0.9972616149903368,0.9921292036696141,1.0,2085,0.9752104770813844,0.014028457924723625
experiment4_accuracy_vs_ood,Classifier-output scoring,LDA + Entropy,Entropy,default classifier settings,validation_best_f1,eval,Far-OOD,6685,1984,4701,0.8040830043882221,0.8797814397066811,1.0,0.0,0.8257509221851397,0.7032161555721765,1.0,1.0,1.0,0.7032161555721765,0.5,0,1984,0,4701,0.000588791910558939,lda_entropy,lda,loaded,0.8981854838709677,0.8982119231191439,True,0.9,0.9972616149903368,0.9844007221082319,1.0,4473,0.9514996809189534,0.014028457924723625
experiment4_accuracy_vs_ood,Classifier-output scoring,LDA + Margin,Margin,default classifier settings,validation_best_f1,validation,Overall,2209,496,1713,0.6890271029885318,0.8567070324877446,1.0,0.0,0.8735339112697603,0.7754640108646447,1.0,1.0,1.0,0.7754640108646447,0.5,0,496,0,1713,0.0004474581219255924,lda_margin,lda,loaded,0.8981854838709677,0.8982119231191439,True,0.9,0.997767431333189,0.9863121236303225,1.0,1642,0.9585522475189726,
experiment4_accuracy_vs_ood,Classifier-output scoring,LDA + Margin,Margin,default classifier settings,validation_best_f1,validation,Near-OOD,1029,496,533,0.6113145312594565,0.5858086684964159,1.0,0.0,0.6824583866837388,0.5179786200194364,1.0,1.0,1.0,0.5179786200194364,0.5,0,496,0,533,0.0004474581219255924,lda_margin,lda,loaded,0.8981854838709677,0.8982119231191439,True,0.9,0.997767431333189,0.9958807105665336,1.0,527,0.9887429643527205,
experiment4_accuracy_vs_ood,Classifier-output scoring,LDA + Margin,Margin,default classifier settings,validation_best_f1,validation,Far-OOD,1676,496,1180,0.7241294764898851,0.8308063815300658,1.0,0.0,0.8263305322128851,0.7040572792362768,1.0,1.0,1.0,0.7040572792362768,0.5,0,496,0,1180,0.0004474581219255924,lda_margin,lda,loaded,0.8981854838709677,0.8982119231191439,True,0.9,0.997767431333189,0.9819900415650679,1.0,1115,0.9449152542372882,
experiment4_accuracy_vs_ood,Classifier-output scoring,LDA + Margin,Margin,default classifier settings,validation_best_f1,eval,Overall,8823,1984,6839,0.684160519128905,0.8549498551304683,1.0,0.0,0.8733239688417826,0.775133174657146,1.0,1.0,1.0,0.775133174657146,0.5,0,1984,0,6839,0.0004474581219255924,lda_margin,lda,loaded,0.8981854838709677,0.8982119231191439,True,0.9,0.9972616149903368,0.9868167907700591,1.0,6558,0.9589121216552128,0.017199875321239233
experiment4_accuracy_vs_ood,Classifier-output scoring,LDA + Margin,Margin,default classifier settings,validation_best_f1,eval,Near-OOD,4122,1984,2138,0.5934528378572075,0.5886948525173089,1.0,0.0,0.6830670926517571,0.5186802523047065,1.0,1.0,1.0,0.5186802523047065,0.5,0,1984,0,2138,0.0004474581219255924,lda_margin,lda,loaded,0.8981854838709677,0.8982119231191439,True,0.9,0.9972616149903368,0.9921292036696141,1.0,2085,0.9752104770813844,0.017199875321239233
experiment4_accuracy_vs_ood,Classifier-output scoring,LDA + Margin,Margin,default classifier settings,validation_best_f1,eval,Far-OOD,6685,1984,4701,0.7254140869993343,0.8296907413668192,1.0,0.0,0.8257509221851397,0.7032161555721765,1.0,1.0,1.0,0.7032161555721765,0.5,0,1984,0,4701,0.0004474581219255924,lda_margin,lda,loaded,0.8981854838709677,0.8982119231191439,True,0.9,0.9972616149903368,0.9844007221082319,1.0,4473,0.9514996809189534,0.017199875321239233
experiment4_accuracy_vs_ood,Classifier-output scoring,LDA + MaxLogit,MaxLogit,default classifier settings,validation_best_f1,validation,Overall,2209,496,1713,0.9129062858972186,0.975440954816587,0.5342741935483871,-232.3492889404297,0.9040852575488455,0.9171171171171171,0.8914185639229422,0.8914185639229422,0.2782258064516129,0.8533272974196469,0.8065963787356647,358,138,186,1527,0.0004552500322461128,lda_max_logit,lda,loaded,0.8981854838709677,0.8982119231191439,True,0.9,0.997767431333189,0.9863121236303225,1.0,1642,0.9585522475189726,
experiment4_accuracy_vs_ood,Classifier-output scoring,LDA + MaxLogit,MaxLogit,default classifier settings,validation_best_f1,validation,Near-OOD,1029,496,533,0.8198609514010773,0.8275572026164764,0.7479838709677419,-232.3492889404297,0.7710622710622711,0.7531305903398927,0.7898686679174484,0.7898686679174484,0.2782258064516129,0.7570456754130224,0.7558214307329177,358,138,112,421,0.0004552500322461128,lda_max_logit,lda,loaded,0.8981854838709677,0.8982119231191439,True,0.9,0.997767431333189,0.9958807105665336,1.0,527,0.9887429643527205,
experiment4_accuracy_vs_ood,Classifier-output scoring,LDA + MaxLogit,MaxLogit,default classifier settings,validation_best_f1,validation,Far-OOD,1676,496,1180,0.9549343903772551,0.9836688950595911,0.4314516129032258,-232.3492889404297,0.9125412541254125,0.8890675241157556,0.9372881355932203,0.9372881355932203,0.2782258064516129,0.8735083532219571,0.8295311645708037,358,138,74,1106,0.0004552500322461128,lda_max_logit,lda,loaded,0.8981854838709677,0.8982119231191439,True,0.9,0.997767431333189,0.9819900415650679,1.0,1115,0.9449152542372882,
experiment4_accuracy_vs_ood,Classifier-output scoring,LDA + MaxLogit,MaxLogit,default classifier settings,validation_best_f1,eval,Overall,8823,1984,6839,0.9084197192100336,0.9739428413798251,0.5625,-232.3492889404297,0.8973654916512059,0.9110910186859554,0.884047375347273,0.884047375347273,0.2973790322580645,0.8432505950357021,0.7933341715446043,1394,590,793,6046,0.0004552500322461128,lda_max_logit,lda,loaded,0.8981854838709677,0.8982119231191439,True,0.9,0.9972616149903368,0.9868167907700591,1.0,6558,0.9589121216552128,0.008450166787952185
experiment4_accuracy_vs_ood,Classifier-output scoring,LDA + MaxLogit,MaxLogit,default classifier settings,validation_best_f1,eval,Near-OOD,4122,1984,2138,0.8114827412565255,0.8134306969517602,0.7449596774193549,-232.3492889404297,0.754337899543379,0.7368421052631579,0.7726847521047708,0.7726847521047708,0.2973790322580645,0.7389616690926735,0.7376528599233532,1394,590,486,1652,0.0004552500322461128,lda_max_logit,lda,loaded,0.8981854838709677,0.8982119231191439,True,0.9,0.9972616149903368,0.9921292036696141,1.0,2085,0.9752104770813844,0.008450166787952185
experiment4_accuracy_vs_ood,Classifier-output scoring,LDA + MaxLogit,MaxLogit,default classifier settings,validation_best_f1,eval,Far-OOD,6685,1984,4701,0.9525063515998655,0.9826460740728596,0.4490927419354839,-232.3492889404297,0.9073825503355705,0.8816211878009631,0.9346947457987662,0.9346947457987662,0.2973790322580645,0.8658189977561705,0.8186578567703509,1394,590,307,4394,0.0004552500322461128,lda_max_logit,lda,loaded,0.8981854838709677,0.8982119231191439,True,0.9,0.9972616149903368,0.9844007221082319,1.0,4473,0.9514996809189534,0.008450166787952185
experiment4_accuracy_vs_ood,Classifier-output scoring,LDA + Energy,Energy,default classifier settings,validation_best_f1,validation,Overall,2209,496,1713,0.9129086398131931,0.9754419948680165,0.5342741935483871,-232.3492889404297,0.9040852575488455,0.9171171171171171,0.8914185639229422,0.8914185639229422,0.2782258064516129,0.8533272974196469,0.8065963787356647,358,138,186,1527,0.0003975001163780689,lda_energy,lda,loaded,0.8981854838709677,0.8982119231191439,True,0.9,0.997767431333189,0.9863121236303225,1.0,1642,0.9585522475189726,
experiment4_accuracy_vs_ood,Classifier-output scoring,LDA + Energy,Energy,default classifier settings,validation_best_f1,validation,Near-OOD,1029,496,533,0.8198609514010773,0.8275572026164764,0.7479838709677419,-232.3492889404297,0.7710622710622711,0.7531305903398927,0.7898686679174484,0.7898686679174484,0.2782258064516129,0.7570456754130224,0.7558214307329177,358,138,112,421,0.0003975001163780689,lda_energy,lda,loaded,0.8981854838709677,0.8982119231191439,True,0.9,0.997767431333189,0.9958807105665336,1.0,527,0.9887429643527205,
experiment4_accuracy_vs_ood,Classifier-output scoring,LDA + Energy,Energy,default classifier settings,validation_best_f1,validation,Far-OOD,1676,496,1180,0.9549378075451065,0.9836705574098854,0.4314516129032258,-232.3492889404297,0.9125412541254125,0.8890675241157556,0.9372881355932203,0.9372881355932203,0.2782258064516129,0.8735083532219571,0.8295311645708037,358,138,74,1106,0.0003975001163780689,lda_energy,lda,loaded,0.8981854838709677,0.8982119231191439,True,0.9,0.997767431333189,0.9819900415650679,1.0,1115,0.9449152542372882,
experiment4_accuracy_vs_ood,Classifier-output scoring,LDA + Energy,Energy,default classifier settings,validation_best_f1,eval,Overall,8823,1984,6839,0.908419645510332,0.9739428225379266,0.5625,-232.3492889404297,0.8973654916512059,0.9110910186859554,0.884047375347273,0.884047375347273,0.2973790322580645,0.8432505950357021,0.7933341715446043,1394,590,793,6046,0.0003975001163780689,lda_energy,lda,loaded,0.8981854838709677,0.8982119231191439,True,0.9,0.9972616149903368,0.9868167907700591,1.0,6558,0.9589121216552128,0.014060957822948694
experiment4_accuracy_vs_ood,Classifier-output scoring,LDA + Energy,Energy,default classifier settings,validation_best_f1,eval,Near-OOD,4122,1984,2138,0.8114820340082681,0.8134276777232161,0.7449596774193549,-232.3492889404297,0.754337899543379,0.7368421052631579,0.7726847521047708,0.7726847521047708,0.2973790322580645,0.7389616690926735,0.7376528599233532,1394,590,486,1652,0.0003975001163780689,lda_energy,lda,loaded,0.8981854838709677,0.8982119231191439,True,0.9,0.9972616149903368,0.9921292036696141,1.0,2085,0.9752104770813844,0.014060957822948694
experiment4_accuracy_vs_ood,Classifier-output scoring,LDA + Energy,Energy,default classifier settings,validation_best_f1,eval,Far-OOD,6685,1984,4701,0.9525065660360528,0.9826461123853283,0.4490927419354839,-232.3492889404297,0.9073825503355705,0.8816211878009631,0.9346947457987662,0.9346947457987662,0.2973790322580645,0.8658189977561705,0.8186578567703509,1394,590,307,4394,0.0003975001163780689,lda_energy,lda,loaded,0.8981854838709677,0.8982119231191439,True,0.9,0.9972616149903368,0.9844007221082319,1.0,4473,0.9514996809189534,0.014060957822948694
experiment4_accuracy_vs_ood,Classifier-output scoring,QDA + MSP,MSP,default classifier settings,validation_best_f1,validation,Overall,2209,496,1713,0.5024845583112066,0.7777084851035345,1.0,0.0,0.8735339112697603,0.7754640108646447,1.0,1.0,1.0,0.7754640108646447,0.5,0,496,0,1713,0.0007740408182144165,qda_msp,qda,loaded,0.9097782258064516,0.9096966518671702,True,0.9,0.9970147999561176,0.9962008024091711,1.0,1687,0.98482194979568,
experiment4_accuracy_vs_ood,Classifier-output scoring,QDA + MSP,MSP,default classifier settings,validation_best_f1,validation,Near-OOD,1029,496,533,0.5570757429038311,0.5585506242771505,1.0,0.0,0.6824583866837388,0.5179786200194364,1.0,1.0,1.0,0.5179786200194364,0.5,0,496,0,533,0.0007740408182144165,qda_msp,qda,loaded,0.9097782258064516,0.9096966518671702,True,0.9,0.9970147999561176,0.9941221328485809,1.0,521,0.9774859287054409,
experiment4_accuracy_vs_ood,Classifier-output scoring,QDA + MSP,MSP,default classifier settings,validation_best_f1,validation,Far-OOD,1676,496,1180,0.4778259978130126,0.6968570004073128,1.0,0.0,0.8263305322128851,0.7040572792362768,1.0,1.0,1.0,0.7040572792362768,0.5,0,496,0,1180,0.0007740408182144165,qda_msp,qda,loaded,0.9097782258064516,0.9096966518671702,True,0.9,0.9970147999561176,0.9971397268801835,1.0,1166,0.988135593220339,
experiment4_accuracy_vs_ood,Classifier-output scoring,QDA + MSP,MSP,default classifier settings,validation_best_f1,eval,Overall,8823,1984,6839,0.5081091412982468,0.7787052483946815,1.0,0.0,0.8733239688417826,0.775133174657146,1.0,1.0,1.0,0.775133174657146,0.5,0,1984,0,6839,0.0007740408182144165,qda_msp,qda,loaded,0.9097782258064516,0.9096966518671702,True,0.9,0.9963681353590139,0.9958132091589283,1.0,6750,0.9869864015206902,0.09402316715568304
experiment4_accuracy_vs_ood,Classifier-output scoring,QDA + MSP,MSP,default classifier settings,validation_best_f1,eval,Near-OOD,4122,1984,2138,0.5560382262968104,0.5597139886885312,1.0,0.0,0.6830670926517571,0.5186802523047065,1.0,1.0,1.0,0.5186802523047065,0.5,0,1984,0,2138,0.0007740408182144165,qda_msp,qda,loaded,0.9097782258064516,0.9096966518671702,True,0.9,0.9963681353590139,0.992126000098792,1.0,2085,0.9752104770813844,0.09402316715568304
experiment4_accuracy_vs_ood,Classifier-output scoring,QDA + MSP,MSP,default classifier settings,validation_best_f1,eval,Far-OOD,6685,1984,4701,0.4863111443344244,0.696482592720497,1.0,0.0,0.8257509221851397,0.7032161555721765,1.0,1.0,1.0,0.7032161555721765,0.5,0,1984,0,4701,0.0007740408182144165,qda_msp,qda,loaded,0.9097782258064516,0.9096966518671702,True,0.9,0.9963681353590139,0.9974901402311622,1.0,4665,0.99234205488194,0.09402316715568304
experiment4_accuracy_vs_ood,Classifier-output scoring,QDA + Entropy,Entropy,default classifier settings,validation_best_f1,validation,Overall,2209,496,1713,0.524592537144794,0.7823413664047209,1.0,0.0,0.8735339112697603,0.7754640108646447,1.0,1.0,1.0,0.7754640108646447,0.5,0,496,0,1713,0.0006281249225139618,qda_entropy,qda,loaded,0.9097782258064516,0.9096966518671702,True,0.9,0.9970147999561176,0.9962008024091711,1.0,1687,0.98482194979568,
experiment4_accuracy_vs_ood,Classifier-output scoring,QDA + Entropy,Entropy,default classifier settings,validation_best_f1,validation,Near-OOD,1029,496,533,0.6286369757307995,0.6042211201137957,1.0,0.0,0.6824583866837388,0.5179786200194364,1.0,1.0,1.0,0.5179786200194364,0.5,0,496,0,533,0.0006281249225139618,qda_entropy,qda,loaded,0.9097782258064516,0.9096966518671702,True,0.9,0.9970147999561176,0.9941221328485809,1.0,521,0.9774859287054409,
experiment4_accuracy_vs_ood,Classifier-output scoring,QDA + Entropy,Entropy,default classifier settings,validation_best_f1,validation,Far-OOD,1676,496,1180,0.4775961932750136,0.6884375166620642,1.0,0.0,0.8263305322128851,0.7040572792362768,1.0,1.0,1.0,0.7040572792362768,0.5,0,496,0,1180,0.0006281249225139618,qda_entropy,qda,loaded,0.9097782258064516,0.9096966518671702,True,0.9,0.9970147999561176,0.9971397268801835,1.0,1166,0.988135593220339,
experiment4_accuracy_vs_ood,Classifier-output scoring,QDA + Entropy,Entropy,default classifier settings,validation_best_f1,eval,Overall,8823,1984,6839,0.5298389823663145,0.7844319349491233,1.0,0.0,0.8733239688417826,0.775133174657146,1.0,1.0,1.0,0.775133174657146,0.5,0,1984,0,6839,0.0006281249225139618,qda_entropy,qda,loaded,0.9097782258064516,0.9096966518671702,True,0.9,0.9963681353590139,0.9958132091589283,1.0,6750,0.9869864015206902,0.10123562533408403
experiment4_accuracy_vs_ood,Classifier-output scoring,QDA + Entropy,Entropy,default classifier settings,validation_best_f1,eval,Near-OOD,4122,1984,2138,0.6248736383113552,0.6027859370332076,1.0,0.0,0.6830670926517571,0.5186802523047065,1.0,1.0,1.0,0.5186802523047065,0.5,0,1984,0,2138,0.0006281249225139618,qda_entropy,qda,loaded,0.9097782258064516,0.9096966518671702,True,0.9,0.9963681353590139,0.992126000098792,1.0,2085,0.9752104770813844,0.10123562533408403
experiment4_accuracy_vs_ood,Classifier-output scoring,QDA + Entropy,Entropy,default classifier settings,validation_best_f1,eval,Far-OOD,6685,1984,4701,0.4866175200369174,0.6915116155249974,1.0,0.0,0.8257509221851397,0.7032161555721765,1.0,1.0,1.0,0.7032161555721765,0.5,0,1984,0,4701,0.0006281249225139618,qda_entropy,qda,loaded,0.9097782258064516,0.9096966518671702,True,0.9,0.9963681353590139,0.9974901402311622,1.0,4665,0.99234205488194,0.10123562533408403
experiment4_accuracy_vs_ood,Classifier-output scoring,QDA + Margin,Margin,default classifier settings,validation_best_f1,validation,Overall,2209,496,1713,0.5039745871231381,0.7777516790564705,1.0,0.0,0.8735339112697603,0.7754640108646447,1.0,1.0,1.0,0.7754640108646447,0.5,0,496,0,1713,0.0005336669273674488,qda_margin,qda,loaded,0.9097782258064516,0.9096966518671702,True,0.9,0.9970147999561176,0.9962008024091711,1.0,1687,0.98482194979568,
experiment4_accuracy_vs_ood,Classifier-output scoring,QDA + Margin,Margin,default classifier settings,validation_best_f1,validation,Near-OOD,1029,496,533,0.5586814591781154,0.5590834251025374,1.0,0.0,0.6824583866837388,0.5179786200194364,1.0,1.0,1.0,0.5179786200194364,0.5,0,496,0,533,0.0005336669273674488,qda_margin,qda,loaded,0.9097782258064516,0.9096966518671702,True,0.9,0.9970147999561176,0.9941221328485809,1.0,521,0.9774859287054409,
experiment4_accuracy_vs_ood,Classifier-output scoring,QDA + Margin,Margin,default classifier settings,validation_best_f1,validation,Far-OOD,1676,496,1180,0.4792637711864407,0.6966507971662688,1.0,0.0,0.8263305322128851,0.7040572792362768,1.0,1.0,1.0,0.7040572792362768,0.5,0,496,0,1180,0.0005336669273674488,qda_margin,qda,loaded,0.9097782258064516,0.9096966518671702,True,0.9,0.9970147999561176,0.9971397268801835,1.0,1166,0.988135593220339,
experiment4_accuracy_vs_ood,Classifier-output scoring,QDA + Margin,Margin,default classifier settings,validation_best_f1,eval,Overall,8823,1984,6839,0.5081802983599752,0.7788836832799165,1.0,0.0,0.8733239688417826,0.775133174657146,1.0,1.0,1.0,0.775133174657146,0.5,0,1984,0,6839,0.0005336669273674488,qda_margin,qda,loaded,0.9097782258064516,0.9096966518671702,True,0.9,0.9963681353590139,0.9958132091589283,1.0,6750,0.9869864015206902,0.09902383433654904
experiment4_accuracy_vs_ood,Classifier-output scoring,QDA + Margin,Margin,default classifier settings,validation_best_f1,eval,Near-OOD,4122,1984,2138,0.5568947039364495,0.5605864676283738,1.0,0.0,0.6830670926517571,0.5186802523047065,1.0,1.0,1.0,0.5186802523047065,0.5,0,1984,0,2138,0.0005336669273674488,qda_margin,qda,loaded,0.9097782258064516,0.9096966518671702,True,0.9,0.9963681353590139,0.992126000098792,1.0,2085,0.9752104770813844,0.09902383433654904
experiment4_accuracy_vs_ood,Classifier-output scoring,QDA + Margin,Margin,default classifier settings,validation_best_f1,eval,Far-OOD,6685,1984,4701,0.4860251400697174,0.6964751754503878,1.0,0.0,0.8257509221851397,0.7032161555721765,1.0,1.0,1.0,0.7032161555721765,0.5,0,1984,0,4701,0.0005336669273674488,qda_margin,qda,loaded,0.9097782258064516,0.9096966518671702,True,0.9,0.9963681353590139,0.9974901402311622,1.0,4665,0.99234205488194,0.09902383433654904
experiment4_accuracy_vs_ood,Classifier-output scoring,QDA + MaxLogit,MaxLogit,default classifier settings,validation_best_f1,validation,Overall,2209,496,1713,0.9558193510724442,0.9870334100123532,0.2762096774193548,-72.27883911132812,0.9399773499433749,0.9125893347993403,0.9690601284296556,0.9690601284296556,0.32056451612903225,0.9040289723856949,0.8242478061503117,337,159,53,1660,0.0007753749378025532,qda_max_logit,qda,loaded,0.9097782258064516,0.9096966518671702,True,0.9,0.9970147999561176,0.9962008024091711,1.0,1687,0.98482194979568,
experiment4_accuracy_vs_ood,Classifier-output scoring,QDA + MaxLogit,MaxLogit,default classifier settings,validation_best_f1,validation,Near-OOD,1029,496,533,0.8633003994432005,0.8496193730324387,0.4375,-72.27883911132812,0.8191126279863481,0.7511737089201878,0.900562851782364,0.900562851782364,0.32056451612903225,0.793974732750243,0.7899991678266658,337,159,53,480,0.0007753749378025532,qda_max_logit,qda,loaded,0.9097782258064516,0.9096966518671702,True,0.9,0.9970147999561176,0.9941221328485809,1.0,521,0.9774859287054409,
experiment4_accuracy_vs_ood,Classifier-output scoring,QDA + MaxLogit,MaxLogit,default classifier settings,validation_best_f1,validation,Far-OOD,1676,496,1180,0.9976096910880262,0.9988902245202227,0.012096774193548387,-72.27883911132812,0.9368797141722905,0.8812546676624347,1.0,1.0,0.32056451612903225,0.9051312649164678,0.8397177419354839,337,159,0,1180,0.0007753749378025532,qda_max_logit,qda,loaded,0.9097782258064516,0.9096966518671702,True,0.9,0.9970147999561176,0.9971397268801835,1.0,1166,0.988135593220339,
experiment4_accuracy_vs_ood,Classifier-output scoring,QDA + MaxLogit,MaxLogit,default classifier settings,validation_best_f1,eval,Overall,8823,1984,6839,0.953862218113382,0.9860395193480225,0.2767137096774194,-72.27883911132812,0.9371775846229948,0.9068654266958425,0.9695861968123994,0.9695861968123994,0.3432459677419355,0.8992406211039329,0.8131701145352319,1303,681,208,6631,0.0007753749378025532,qda_max_logit,qda,loaded,0.9097782258064516,0.9096966518671702,True,0.9,0.9963681353590139,0.9958132091589283,1.0,6750,0.9869864015206902,0.09445325005799532
experiment4_accuracy_vs_ood,Classifier-output scoring,QDA + MaxLogit,MaxLogit,default classifier settings,validation_best_f1,eval,Near-OOD,4122,1984,2138,0.8594898099671082,0.8368756268328451,0.4440524193548387,-72.27883911132812,0.8128026953042746,0.7391803906549215,0.9027128157156221,0.9027128157156221,0.3432459677419355,0.7843279961183891,0.7797334239868433,1303,681,208,1930,0.0007753749378025532,qda_max_logit,qda,loaded,0.9097782258064516,0.9096966518671702,True,0.9,0.9963681353590139,0.992126000098792,1.0,2085,0.9752104770813844,0.09445325005799532
experiment4_accuracy_vs_ood,Classifier-output scoring,QDA + MaxLogit,MaxLogit,default classifier settings,validation_best_f1,eval,Far-OOD,6685,1984,4701,0.9967824922288326,0.9982065028858987,0.010080645161290322,-72.27883911132812,0.932460577209164,0.8734671125975474,1.0,1.0,0.3432459677419355,0.8981301421091997,0.8283770161290323,1303,681,0,4701,0.0007753749378025532,qda_max_logit,qda,loaded,0.9097782258064516,0.9096966518671702,True,0.9,0.9963681353590139,0.9974901402311622,1.0,4665,0.99234205488194,0.09445325005799532
experiment4_accuracy_vs_ood,Classifier-output scoring,QDA + Energy,Energy,default classifier settings,validation_best_f1,validation,Overall,2209,496,1713,0.9558158201984821,0.9870325747539997,0.2762096774193548,-72.2877197265625,0.9399773499433749,0.9125893347993403,0.9690601284296556,0.9690601284296556,0.32056451612903225,0.9040289723856949,0.8242478061503117,337,159,53,1660,0.0004735412076115608,qda_energy,qda,loaded,0.9097782258064516,0.9096966518671702,True,0.9,0.9970147999561176,0.9962008024091711,1.0,1687,0.98482194979568,
experiment4_accuracy_vs_ood,Classifier-output scoring,QDA + Energy,Energy,default classifier settings,validation_best_f1,validation,Near-OOD,1029,496,533,0.8632890516250076,0.8496135503661978,0.4375,-72.2877197265625,0.8191126279863481,0.7511737089201878,0.900562851782364,0.900562851782364,0.32056451612903225,0.793974732750243,0.7899991678266658,337,159,53,480,0.0004735412076115608,qda_energy,qda,loaded,0.9097782258064516,0.9096966518671702,True,0.9,0.9970147999561176,0.9941221328485809,1.0,521,0.9774859287054409,
experiment4_accuracy_vs_ood,Classifier-output scoring,QDA + Energy,Energy,default classifier settings,validation_best_f1,validation,Far-OOD,1676,496,1180,0.9976096910880262,0.9988902245202227,0.012096774193548387,-72.2877197265625,0.9368797141722905,0.8812546676624347,1.0,1.0,0.32056451612903225,0.9051312649164678,0.8397177419354839,337,159,0,1180,0.0004735412076115608,qda_energy,qda,loaded,0.9097782258064516,0.9096966518671702,True,0.9,0.9970147999561176,0.9971397268801835,1.0,1166,0.988135593220339,
experiment4_accuracy_vs_ood,Classifier-output scoring,QDA + Energy,Energy,default classifier settings,validation_best_f1,eval,Overall,8823,1984,6839,0.9538591227259221,0.9860386542094761,0.2767137096774194,-72.2877197265625,0.937243816254417,0.9069894679250444,0.9695861968123994,0.9695861968123994,0.34274193548387094,0.8993539612376743,0.8134221306642642,1304,680,208,6631,0.0004735412076115608,qda_energy,qda,loaded,0.9097782258064516,0.9096966518671702,True,0.9,0.9963681353590139,0.9958132091589283,1.0,6750,0.9869864015206902,0.10151524981483817
experiment4_accuracy_vs_ood,Classifier-output scoring,QDA + Energy,Energy,default classifier settings,validation_best_f1,eval,Near-OOD,4122,1984,2138,0.8594799084915055,0.8368672740947584,0.4440524193548387,-72.2877197265625,0.8129738837405224,0.7394636015325671,0.9027128157156221,0.9027128157156221,0.34274193548387094,0.784570596797671,0.7799854401158756,1304,680,208,1930,0.0004735412076115608,qda_energy,qda,loaded,0.9097782258064516,0.9096966518671702,True,0.9,0.9963681353590139,0.992126000098792,1.0,2085,0.9752104770813844,0.10151524981483817
experiment4_accuracy_vs_ood,Classifier-output scoring,QDA + Energy,Energy,default classifier settings,validation_best_f1,eval,Far-OOD,6685,1984,4701,0.9967824922288326,0.9982065028858987,0.010080645161290322,-72.2877197265625,0.9325530648680818,0.873629436907638,1.0,1.0,0.34274193548387094,0.8982797307404637,0.8286290322580645,1304,680,0,4701,0.0004735412076115608,qda_energy,qda,loaded,0.9097782258064516,0.9096966518671702,True,0.9,0.9963681353590139,0.9974901402311622,1.0,4665,0.99234205488194,0.10151524981483817
