experiment,family,model,score,hyperparameters,threshold_source,data_split,metric_split,n_samples,n_id,n_ood,auroc,aupr,fpr95,threshold,f1,precision,recall,tpr,fpr,accuracy,balanced_accuracy,tn,fp,fn,tp,fit_seconds,score_seconds,model_key,model_source,difficulty,near_intent_count,near_intents,similarity_min,similarity_mean,similarity_max
experiment3_near_ood_difficulty,Class-wise boundary,Centroid distance,nearest_centroid_distance,"distance=cosine, threshold_percentile=95",validation_best_f1,eval,Near-OOD-easy,2610,1984,626,0.8867360610120583,0.7126912317671583,0.49747983870967744,0.05807536840438843,0.5975544922913344,0.447808764940239,0.8977635782747604,0.8977635782747604,0.3492943548387097,0.7099616858237547,0.7742346117180254,1291,693,64,562,0.0009478749707341194,0.0029507502913475037,centroid,loaded,easy,5,beneficiary_not_allowed;card_acceptance;card_delivery_estimate;supported_cards_and_currencies;verify_top_up,0.6859422326087952,0.7534713029861451,0.7978203296661377
experiment3_near_ood_difficulty,Class-wise boundary,Centroid distance,nearest_centroid_distance,"distance=cosine, threshold_percentile=95",validation_best_f1,eval,Near-OOD-medium,2746,1984,762,0.8985069532639065,0.6648086320439355,0.25705645161290325,0.05807536840438843,0.6808703535811423,0.5200831024930748,0.9855643044619422,0.9855643044619422,0.3492943548387097,0.7436270939548434,0.8181349748116162,1291,693,11,751,0.0009478749707341194,0.0029507502913475037,centroid,loaded,medium,5,card_payment_not_recognised;cash_withdrawal_not_recognised;declined_cash_withdrawal;failed_transfer;pin_blocked,0.8124938011169434,0.8392271161079407,0.8812812566757202
experiment3_near_ood_difficulty,Class-wise boundary,Centroid distance,nearest_centroid_distance,"distance=cosine, threshold_percentile=95",validation_best_f1,eval,Near-OOD-hard,2734,1984,750,0.7345295698924731,0.47534752674820424,0.6824596774193549,0.05807536840438843,0.5290519877675841,0.4282178217821782,0.692,0.692,0.3492943548387097,0.662033650329188,0.6713528225806451,1291,693,231,519,0.0009478749707341194,0.0029507502913475037,centroid,loaded,hard,5,Refund_not_showing_up;exchange_rate;top_up_failed;top_up_reverted;transfer_not_received_by_recipient,0.8877683281898499,0.9233058452606201,0.9808476567268372
experiment3_near_ood_difficulty,Class-wise boundary,Class-wise radius,distance_minus_radius,"distance=cosine, radius_percentile=90, minimum_radius=1e-6",validation_best_f1,eval,Near-OOD-easy,2610,1984,626,0.7832057417808925,0.6243120160938938,0.8961693548387096,-0.03915564715862274,0.5734536082474226,0.48056155507559395,0.7108626198083067,0.7108626198083067,0.24243951612903225,0.746360153256705,0.7342115518396373,1503,481,181,445,0.0010581668466329575,0.0027281250804662704,radius,loaded,easy,5,beneficiary_not_allowed;card_acceptance;card_delivery_estimate;supported_cards_and_currencies;verify_top_up,0.6859422326087952,0.7534713029861451,0.7978203296661377
experiment3_near_ood_difficulty,Class-wise boundary,Class-wise radius,distance_minus_radius,"distance=cosine, radius_percentile=90, minimum_radius=1e-6",validation_best_f1,eval,Near-OOD-medium,2746,1984,762,0.7630102499788333,0.5430190502190181,0.7565524193548387,-0.03915564715862274,0.5769891242129365,0.5116751269035533,0.6614173228346457,0.6614173228346457,0.24243951612903225,0.7308812818645303,0.7094889033528067,1503,481,258,504,0.0010581668466329575,0.0027281250804662704,radius,loaded,medium,5,card_payment_not_recognised;cash_withdrawal_not_recognised;declined_cash_withdrawal;failed_transfer;pin_blocked,0.8124938011169434,0.8392271161079407,0.8812812566757202
experiment3_near_ood_difficulty,Class-wise boundary,Class-wise radius,distance_minus_radius,"distance=cosine, radius_percentile=90, minimum_radius=1e-6",validation_best_f1,eval,Near-OOD-hard,2734,1984,750,0.6616700268817205,0.42293671726519627,0.7162298387096774,-0.03915564715862274,0.4407853071564281,0.41978287092882993,0.464,0.464,0.24243951612903225,0.6770299926847111,0.6107802419354839,1503,481,402,348,0.0010581668466329575,0.0027281250804662704,radius,loaded,hard,5,Refund_not_showing_up;exchange_rate;top_up_failed;top_up_reverted;transfer_not_received_by_recipient,0.8877683281898499,0.9233058452606201,0.9808476567268372
experiment3_near_ood_difficulty,Class-wise boundary,Class-wise Mahalanobis,min_class_mahalanobis,"regularization_lambda=1e-2, threshold_percentile=95",validation_best_f1,eval,Near-OOD-easy,2610,1984,626,0.8855291211480983,0.7117439253385829,0.5050403225806451,3.3272268772125244,0.6009641135511515,0.4520547945205479,0.8961661341853036,0.8961661341853036,0.34274193548387094,0.7145593869731801,0.7767120993507163,1304,680,65,561,0.0014579999260604382,0.15056129172444344,class_mahalanobis,loaded,easy,5,beneficiary_not_allowed;card_acceptance;card_delivery_estimate;supported_cards_and_currencies;verify_top_up,0.6859422326087952,0.7534713029861451,0.7978203296661377
experiment3_near_ood_difficulty,Class-wise boundary,Class-wise Mahalanobis,min_class_mahalanobis,"regularization_lambda=1e-2, threshold_percentile=95",validation_best_f1,eval,Near-OOD-medium,2746,1984,762,0.8996393721954109,0.66769109165427,0.24647177419354838,3.3272268772125244,0.684906520747834,0.5248078266946191,0.9855643044619422,0.9855643044619422,0.34274193548387094,0.7483612527312454,0.8214111844890356,1304,680,11,751,0.0014579999260604382,0.15056129172444344,class_mahalanobis,loaded,medium,5,card_payment_not_recognised;cash_withdrawal_not_recognised;declined_cash_withdrawal;failed_transfer;pin_blocked,0.8124938011169434,0.8392271161079407,0.8812812566757202
experiment3_near_ood_difficulty,Class-wise boundary,Class-wise Mahalanobis,min_class_mahalanobis,"regularization_lambda=1e-2, threshold_percentile=95",validation_best_f1,eval,Near-OOD-hard,2734,1984,750,0.7332157258064516,0.4754912395860523,0.688508064516129,3.3272268772125244,0.5265327150953117,0.4290512174643157,0.6813333333333333,0.6813333333333333,0.34274193548387094,0.6638624725676664,0.6692956989247312,1304,680,239,511,0.0014579999260604382,0.15056129172444344,class_mahalanobis,loaded,hard,5,Refund_not_showing_up;exchange_rate;top_up_failed;top_up_reverted;transfer_not_received_by_recipient,0.8877683281898499,0.9233058452606201,0.9808476567268372
experiment3_near_ood_difficulty,Distance/support/density,kNN distance,mean_knn_distance,"k=1, distance=cosine, threshold_percentile=95",validation_best_f1,eval,Near-OOD-easy,2610,1984,626,0.904591363495826,0.735451855002603,0.4324596774193548,0.03517472743988037,0.6654783125371361,0.5298013245033113,0.8945686900958466,0.8945686900958466,0.2505040322580645,0.7842911877394636,0.8220323289188911,1487,497,66,560,0.03208145825192332,0.5948213748633862,knn,loaded,easy,5,beneficiary_not_allowed;card_acceptance;card_delivery_estimate;supported_cards_and_currencies;verify_top_up,0.6859422326087952,0.7534713029861451,0.7978203296661377
experiment3_near_ood_difficulty,Distance/support/density,kNN distance,mean_knn_distance,"k=1, distance=cosine, threshold_percentile=95",validation_best_f1,eval,Near-OOD-medium,2746,1984,762,0.9025550863601728,0.6634949475439887,0.22278225806451613,0.03517472743988037,0.7416291854072964,0.5988700564971752,0.973753280839895,0.973753280839895,0.2505040322580645,0.8117261471230881,0.8616246242909152,1487,497,20,742,0.03208145825192332,0.5948213748633862,knn,loaded,medium,5,card_payment_not_recognised;cash_withdrawal_not_recognised;declined_cash_withdrawal;failed_transfer;pin_blocked,0.8124938011169434,0.8392271161079407,0.8812812566757202
experiment3_near_ood_difficulty,Distance/support/density,kNN distance,mean_knn_distance,"k=1, distance=cosine, threshold_percentile=95",validation_best_f1,eval,Near-OOD-hard,2734,1984,750,0.7617170698924731,0.48567371608529886,0.5887096774193549,0.03517472743988037,0.5329411764705883,0.4768421052631579,0.604,0.604,0.2505040322580645,0.709583028529627,0.6767479838709678,1487,497,297,453,0.03208145825192332,0.5948213748633862,knn,loaded,hard,5,Refund_not_showing_up;exchange_rate;top_up_failed;top_up_reverted;transfer_not_received_by_recipient,0.8877683281898499,0.9233058452606201,0.9808476567268372
experiment3_near_ood_difficulty,Distance/support/density,Global Mahalanobis,global_mahalanobis,"LedoitWolf shrinkage, threshold_percentile=95",validation_best_f1,eval,Near-OOD-easy,2610,1984,626,0.8746425074719159,0.667488045150051,0.49899193548387094,18.77642822265625,0.5801447776628749,0.4288990825688073,0.8961661341853036,0.8961661341853036,0.37651209677419356,0.6888888888888889,0.759827018705555,1237,747,65,561,0.004360916092991829,1.7940792082808912,global_mahalanobis,loaded,easy,5,beneficiary_not_allowed;card_acceptance;card_delivery_estimate;supported_cards_and_currencies;verify_top_up,0.6859422326087952,0.7534713029861451,0.7978203296661377
experiment3_near_ood_difficulty,Distance/support/density,Global Mahalanobis,global_mahalanobis,"LedoitWolf shrinkage, threshold_percentile=95",validation_best_f1,eval,Near-OOD-medium,2746,1984,762,0.8587036184489036,0.5914061428951811,0.3714717741935484,18.77642822265625,0.6496644295302013,0.49287169042769857,0.952755905511811,0.952755905511811,0.37651209677419356,0.7148579752367079,0.7881219043688088,1237,747,36,726,0.004360916092991829,1.7940792082808912,global_mahalanobis,loaded,medium,5,card_payment_not_recognised;cash_withdrawal_not_recognised;declined_cash_withdrawal;failed_transfer;pin_blocked,0.8124938011169434,0.8392271161079407,0.8812812566757202
experiment3_near_ood_difficulty,Distance/support/density,Global Mahalanobis,global_mahalanobis,"LedoitWolf shrinkage, threshold_percentile=95",validation_best_f1,eval,Near-OOD-hard,2734,1984,750,0.6687893145161291,0.4087589100116133,0.7636088709677419,18.77642822265625,0.4454828660436137,0.3647959183673469,0.572,0.572,0.37651209677419356,0.6093635698610095,0.5977439516129033,1237,747,321,429,0.004360916092991829,1.7940792082808912,global_mahalanobis,loaded,hard,5,Refund_not_showing_up;exchange_rate;top_up_failed;top_up_reverted;transfer_not_received_by_recipient,0.8877683281898499,0.9233058452606201,0.9808476567268372
experiment3_near_ood_difficulty,Distance/support/density,Gaussian Mixture,negative_log_likelihood,"n_components=62, covariance=full, reg_covar=1e-5",validation_best_f1,eval,Near-OOD-easy,2610,1984,626,0.9172380642584768,0.7555294588977383,0.3487903225806452,-1420.341064453125,0.6597582037996546,0.5157515751575158,0.9153354632587859,0.9153354632587859,0.2711693548387097,0.7735632183908046,0.8220830542100381,1446,538,53,573,0.026594290975481272,0.1978411660529673,gmm,loaded,easy,5,beneficiary_not_allowed;card_acceptance;card_delivery_estimate;supported_cards_and_currencies;verify_top_up,0.6859422326087952,0.7534713029861451,0.7978203296661377
experiment3_near_ood_difficulty,Distance/support/density,Gaussian Mixture,negative_log_likelihood,"n_components=62, covariance=full, reg_covar=1e-5",validation_best_f1,eval,Near-OOD-medium,2746,1984,762,0.9011283178816357,0.6708142217457714,0.24344758064516128,-1420.341064453125,0.7242394504416094,0.5783699059561128,0.968503937007874,0.968503937007874,0.2711693548387097,0.7953386744355426,0.8486672910845822,1446,538,24,738,0.026594290975481272,0.1978411660529673,gmm,loaded,medium,5,card_payment_not_recognised;cash_withdrawal_not_recognised;declined_cash_withdrawal;failed_transfer;pin_blocked,0.8124938011169434,0.8392271161079407,0.8812812566757202
experiment3_near_ood_difficulty,Distance/support/density,Gaussian Mixture,negative_log_likelihood,"n_components=62, covariance=full, reg_covar=1e-5",validation_best_f1,eval,Near-OOD-hard,2734,1984,750,0.8079092741935483,0.5443811180727316,0.46875,-1420.341064453125,0.6,0.5064220183486239,0.736,0.736,0.2711693548387097,0.7307973664959766,0.7324153225806451,1446,538,198,552,0.026594290975481272,0.1978411660529673,gmm,loaded,hard,5,Refund_not_showing_up;exchange_rate;top_up_failed;top_up_reverted;transfer_not_received_by_recipient,0.8877683281898499,0.9233058452606201,0.9808476567268372
experiment3_near_ood_difficulty,Distance/support/density,One-Class SVM,negative_decision_function,"kernel=rbf, nu=0.3, gamma=30",validation_best_f1,eval,Near-OOD-easy,2610,1984,626,0.9103430478975574,0.7561785322393424,0.37399193548387094,0.491537868976593,0.6654908877131099,0.5265116279069767,0.9041533546325878,0.9041533546325878,0.2565524193548387,0.7819923371647509,0.8238004676388746,1475,509,60,566,0.0072521669790148735,6.213239292148501,one_class_svm,loaded,easy,5,beneficiary_not_allowed;card_acceptance;card_delivery_estimate;supported_cards_and_currencies;verify_top_up,0.6859422326087952,0.7534713029861451,0.7978203296661377
experiment3_near_ood_difficulty,Distance/support/density,One-Class SVM,negative_decision_function,"kernel=rbf, nu=0.3, gamma=30",validation_best_f1,eval,Near-OOD-medium,2746,1984,762,0.906655805499111,0.6758817358484487,0.21421370967741934,0.491537868976593,0.7415841584158416,0.595389507154213,0.9829396325459318,0.9829396325459318,0.2565524193548387,0.809905316824472,0.8631936065955466,1475,509,13,749,0.0072521669790148735,6.213239292148501,one_class_svm,loaded,medium,5,card_payment_not_recognised;cash_withdrawal_not_recognised;declined_cash_withdrawal;failed_transfer;pin_blocked,0.8124938011169434,0.8392271161079407,0.8812812566757202
experiment3_near_ood_difficulty,Distance/support/density,One-Class SVM,negative_decision_function,"kernel=rbf, nu=0.3, gamma=30",validation_best_f1,eval,Near-OOD-hard,2734,1984,750,0.7700336021505377,0.5040339339146308,0.5801411290322581,0.491537868976593,0.5586720091585575,0.48946840521564694,0.6506666666666666,0.6506666666666666,0.2565524193548387,0.7179956108266277,0.697057123655914,1475,509,262,488,0.0072521669790148735,6.213239292148501,one_class_svm,loaded,hard,5,Refund_not_showing_up;exchange_rate;top_up_failed;top_up_reverted;transfer_not_received_by_recipient,0.8877683281898499,0.9233058452606201,0.9808476567268372
experiment3_near_ood_difficulty,Distance/support/density,PCA reconstruction,reconstruction_mse,"n_components=256, threshold_percentile=95",validation_best_f1,eval,Near-OOD-easy,2610,1984,626,0.8680039356384625,0.6659534020249047,0.4964717741935484,0.00011493370402604342,0.5573294629898403,0.39972241498959055,0.9201277955271565,0.9201277955271565,0.43598790322580644,0.6494252873563219,0.742069946150675,1119,865,50,576,0.0005702078342437744,0.006919458042830229,pca_reconstruction,loaded,easy,5,beneficiary_not_allowed;card_acceptance;card_delivery_estimate;supported_cards_and_currencies;verify_top_up,0.6859422326087952,0.7534713029861451,0.7978203296661377
experiment3_near_ood_difficulty,Distance/support/density,PCA reconstruction,reconstruction_mse,"n_components=256, threshold_percentile=95",validation_best_f1,eval,Near-OOD-medium,2746,1984,762,0.8307344583439167,0.5349409947104218,0.40524193548387094,0.00011493370402604342,0.6223539373412362,0.459375,0.9645669291338582,0.9645669291338582,0.43598790322580644,0.6751638747268754,0.7642895129540259,1119,865,27,735,0.0005702078342437744,0.006919458042830229,pca_reconstruction,loaded,medium,5,card_payment_not_recognised;cash_withdrawal_not_recognised;declined_cash_withdrawal;failed_transfer;pin_blocked,0.8124938011169434,0.8392271161079407,0.8812812566757202
experiment3_near_ood_difficulty,Distance/support/density,PCA reconstruction,reconstruction_mse,"n_components=256, threshold_percentile=95",validation_best_f1,eval,Near-OOD-hard,2734,1984,750,0.6207103494623656,0.3739013394927847,0.8220766129032258,0.00011493370402604342,0.4251584592881521,0.33512682551883166,0.5813333333333334,0.5813333333333334,0.43598790322580644,0.5687637161667886,0.5726727150537634,1119,865,314,436,0.0005702078342437744,0.006919458042830229,pca_reconstruction,loaded,hard,5,Refund_not_showing_up;exchange_rate;top_up_failed;top_up_reverted;transfer_not_received_by_recipient,0.8877683281898499,0.9233058452606201,0.9808476567268372
experiment3_near_ood_difficulty,Anomaly detection,Isolation Forest,negative_decision_function,"n_estimators=200, contamination=auto",validation_best_f1,eval,Near-OOD-easy,2610,1984,626,0.743768840822426,0.49373839022731625,0.7071572580645161,-0.031851526349782944,0.4673869547819128,0.31179925253603846,0.9329073482428115,0.9329073482428115,0.6496975806451613,0.4900383141762452,0.6416048837988251,695,1289,42,584,0.009091916959732771,0.08117891708388925,isolation_forest,loaded,easy,5,beneficiary_not_allowed;card_acceptance;card_delivery_estimate;supported_cards_and_currencies;verify_top_up,0.6859422326087952,0.7534713029861451,0.7978203296661377
experiment3_near_ood_difficulty,Anomaly detection,Isolation Forest,negative_decision_function,"n_estimators=200, contamination=auto",validation_best_f1,eval,Near-OOD-medium,2746,1984,762,0.5375795074506816,0.2719400182486179,0.8548387096774194,-0.031851526349782944,0.44267274107820803,0.31143162393162394,0.7650918635170604,0.7650918635170604,0.6496975806451613,0.4654042243262928,0.5576971414359495,695,1289,179,583,0.009091916959732771,0.08117891708388925,isolation_forest,loaded,medium,5,card_payment_not_recognised;cash_withdrawal_not_recognised;declined_cash_withdrawal;failed_transfer;pin_blocked,0.8124938011169434,0.8392271161079407,0.8812812566757202
experiment3_near_ood_difficulty,Anomaly detection,Isolation Forest,negative_decision_function,"n_estimators=200, contamination=auto",validation_best_f1,eval,Near-OOD-hard,2734,1984,750,0.5937560483870967,0.3774706586239956,0.890625,-0.031851526349782944,0.43694902261402835,0.3066164604626143,0.76,0.76,0.6496975806451613,0.46269202633504025,0.5551512096774194,695,1289,180,570,0.009091916959732771,0.08117891708388925,isolation_forest,loaded,hard,5,Refund_not_showing_up;exchange_rate;top_up_failed;top_up_reverted;transfer_not_received_by_recipient,0.8877683281898499,0.9233058452606201,0.9808476567268372
experiment3_near_ood_difficulty,Anomaly detection,Local Outlier Factor,negative_score_samples,"n_neighbors=20, novelty=True",validation_best_f1,eval,Near-OOD-easy,2610,1984,626,0.8463474569720706,0.6074079020465706,0.5498991935483871,1.1408424377441406,0.5769820971867008,0.42437923250564336,0.9009584664536742,0.9009584664536742,0.3855846774193548,0.6831417624521072,0.7576868945171596,1219,765,62,564,0.007900666911154985,0.32954016700387,lof,loaded,easy,5,beneficiary_not_allowed;card_acceptance;card_delivery_estimate;supported_cards_and_currencies;verify_top_up,0.6859422326087952,0.7534713029861451,0.7978203296661377
experiment3_near_ood_difficulty,Anomaly detection,Local Outlier Factor,negative_score_samples,"n_neighbors=20, novelty=True",validation_best_f1,eval,Near-OOD-medium,2746,1984,762,0.8015654104224874,0.5172407377863966,0.4742943548387097,1.1408424377441406,0.6155938349954669,0.47022160664819945,0.8910761154855643,0.8910761154855643,0.3855846774193548,0.6911871813546977,0.7527457190331047,1219,765,83,679,0.007900666911154985,0.32954016700387,lof,loaded,medium,5,card_payment_not_recognised;cash_withdrawal_not_recognised;declined_cash_withdrawal;failed_transfer;pin_blocked,0.8124938011169434,0.8392271161079407,0.8812812566757202
experiment3_near_ood_difficulty,Anomaly detection,Local Outlier Factor,negative_score_samples,"n_neighbors=20, novelty=True",validation_best_f1,eval,Near-OOD-hard,2734,1984,750,0.7908430779569893,0.5228226592555844,0.6018145161290323,1.1408424377441406,0.5854341736694678,0.4504310344827586,0.836,0.836,0.3855846774193548,0.6752011704462326,0.7252076612903225,1219,765,123,627,0.007900666911154985,0.32954016700387,lof,loaded,hard,5,Refund_not_showing_up;exchange_rate;top_up_failed;top_up_reverted;transfer_not_received_by_recipient,0.8877683281898499,0.9233058452606201,0.9808476567268372
experiment3_near_ood_difficulty,Classifier-output scoring,Logistic Regression + MSP,MSP,default classifier settings,validation_best_f1,eval,Near-OOD-easy,2610,1984,626,0.8054910530248377,0.5785647874418327,0.6113911290322581,0.05489182472229004,0.5266457680250783,0.391304347826087,0.805111821086262,0.805111821086262,0.3951612903225806,0.6528735632183909,0.7049752653818406,1200,784,122,504,0.001534916926175356,0.005674125161021948,lr_msp,loaded,easy,5,beneficiary_not_allowed;card_acceptance;card_delivery_estimate;supported_cards_and_currencies;verify_top_up,0.6859422326087952,0.7534713029861451,0.7978203296661377
experiment3_near_ood_difficulty,Classifier-output scoring,Logistic Regression + MSP,MSP,default classifier settings,validation_best_f1,eval,Near-OOD-medium,2746,1984,762,0.8066440976631954,0.5754485689335846,0.704133064516129,0.05489182472229004,0.5958219800181653,0.45555555555555555,0.8608923884514436,0.8608923884514436,0.3951612903225806,0.6758922068463219,0.7328655490644315,1200,784,106,656,0.001534916926175356,0.005674125161021948,lr_msp,loaded,medium,5,card_payment_not_recognised;cash_withdrawal_not_recognised;declined_cash_withdrawal;failed_transfer;pin_blocked,0.8124938011169434,0.8392271161079407,0.8812812566757202
experiment3_near_ood_difficulty,Classifier-output scoring,Logistic Regression + MSP,MSP,default classifier settings,validation_best_f1,eval,Near-OOD-hard,2734,1984,750,0.7821784274193548,0.5212695767687074,0.5861895161290323,0.05489182472229004,0.5569143932267169,0.43023255813953487,0.7893333333333333,0.7893333333333333,0.3951612903225806,0.6554498902706657,0.6970860215053764,1200,784,158,592,0.001534916926175356,0.005674125161021948,lr_msp,loaded,hard,5,Refund_not_showing_up;exchange_rate;top_up_failed;top_up_reverted;transfer_not_received_by_recipient,0.8877683281898499,0.9233058452606201,0.9808476567268372
experiment3_near_ood_difficulty,Classifier-output scoring,Logistic Regression + Entropy,Entropy,default classifier settings,validation_best_f1,eval,Near-OOD-easy,2610,1984,626,0.8282795913634959,0.6531923346240559,0.6098790322580645,0.28842297196388245,0.5278925619834711,0.3900763358778626,0.8162939297124601,0.8162939297124601,0.4027217741935484,0.6498084291187739,0.7067860777594559,1185,799,115,511,0.0003235829062759876,0.008359874598681927,lr_entropy,loaded,easy,5,beneficiary_not_allowed;card_acceptance;card_delivery_estimate;supported_cards_and_currencies;verify_top_up,0.6859422326087952,0.7534713029861451,0.7978203296661377
experiment3_near_ood_difficulty,Classifier-output scoring,Logistic Regression + Entropy,Entropy,default classifier settings,validation_best_f1,eval,Near-OOD-medium,2746,1984,762,0.8212597102277538,0.6105725262696037,0.7096774193548387,0.28842297196388245,0.594959495949595,0.45273972602739726,0.8674540682414699,0.8674540682414699,0.4027217741935484,0.6722505462490895,0.7323661470239607,1185,799,101,661,0.0003235829062759876,0.008359874598681927,lr_entropy,loaded,medium,5,card_payment_not_recognised;cash_withdrawal_not_recognised;declined_cash_withdrawal;failed_transfer;pin_blocked,0.8124938011169434,0.8392271161079407,0.8812812566757202
experiment3_near_ood_difficulty,Classifier-output scoring,Logistic Regression + Entropy,Entropy,default classifier settings,validation_best_f1,eval,Near-OOD-hard,2734,1984,750,0.7706048387096773,0.49510852738540523,0.5922379032258065,0.28842297196388245,0.5462224307836696,0.4214337436640116,0.776,0.776,0.4027217741935484,0.6463057790782736,0.6866391129032259,1185,799,168,582,0.0003235829062759876,0.008359874598681927,lr_entropy,loaded,hard,5,Refund_not_showing_up;exchange_rate;top_up_failed;top_up_reverted;transfer_not_received_by_recipient,0.8877683281898499,0.9233058452606201,0.9808476567268372
experiment3_near_ood_difficulty,Classifier-output scoring,Logistic Regression + Margin,Margin,default classifier settings,validation_best_f1,eval,Near-OOD-easy,2610,1984,626,0.7881703790064928,0.5025773620603954,0.6376008064516129,0.09232109785079956,0.5226184140500266,0.39185953711093374,0.7843450479233227,0.7843450479233227,0.3840725806451613,0.6563218390804598,0.7001362336390807,1222,762,135,491,0.00012308312579989433,0.0065356669947505,lr_margin,loaded,easy,5,beneficiary_not_allowed;card_acceptance;card_delivery_estimate;supported_cards_and_currencies;verify_top_up,0.6859422326087952,0.7534713029861451,0.7978203296661377
experiment3_near_ood_difficulty,Classifier-output scoring,Logistic Regression + Margin,Margin,default classifier settings,validation_best_f1,eval,Near-OOD-medium,2746,1984,762,0.8014721446109558,0.5591626487186596,0.672883064516129,0.09232109785079956,0.5947441217150761,0.4584221748400853,0.8464566929133859,0.8464566929133859,0.3840725806451613,0.6798980335032775,0.7311920561341123,1222,762,117,645,0.00012308312579989433,0.0065356669947505,lr_margin,loaded,medium,5,card_payment_not_recognised;cash_withdrawal_not_recognised;declined_cash_withdrawal;failed_transfer;pin_blocked,0.8124938011169434,0.8392271161079407,0.8812812566757202
experiment3_near_ood_difficulty,Classifier-output scoring,Logistic Regression + Margin,Margin,default classifier settings,validation_best_f1,eval,Near-OOD-hard,2734,1984,750,0.7884583333333333,0.5250865304460901,0.5675403225806451,0.09232109785079956,0.5647840531561462,0.4384672070744289,0.7933333333333333,0.7933333333333333,0.3840725806451613,0.6645940014630578,0.704630376344086,1222,762,155,595,0.00012308312579989433,0.0065356669947505,lr_margin,loaded,hard,5,Refund_not_showing_up;exchange_rate;top_up_failed;top_up_reverted;transfer_not_received_by_recipient,0.8877683281898499,0.9233058452606201,0.9808476567268372
experiment3_near_ood_difficulty,Classifier-output scoring,Logistic Regression + MaxLogit,MaxLogit,default classifier settings,validation_best_f1,eval,Near-OOD-easy,2610,1984,626,0.8380631312480676,0.6746895318287,0.6502016129032258,-9.52241325378418,0.5505804311774462,0.4209636517328825,0.7955271565495208,0.7955271565495208,0.34526209677419356,0.6885057471264368,0.7251325298876636,1299,685,128,498,0.00014616688713431358,0.003911582753062248,lr_max_logit,loaded,easy,5,beneficiary_not_allowed;card_acceptance;card_delivery_estimate;supported_cards_and_currencies;verify_top_up,0.6859422326087952,0.7534713029861451,0.7978203296661377
experiment3_near_ood_difficulty,Classifier-output scoring,Logistic Regression + MaxLogit,MaxLogit,default classifier settings,validation_best_f1,eval,Near-OOD-medium,2746,1984,762,0.8219582116247566,0.6391513508752507,0.8079637096774194,-9.52241325378418,0.6106577052328372,0.4814534443603331,0.8346456692913385,0.8346456692913385,0.34526209677419356,0.7046613255644574,0.7446917862585725,1299,685,126,636,0.00014616688713431358,0.003911582753062248,lr_max_logit,loaded,medium,5,card_payment_not_recognised;cash_withdrawal_not_recognised;declined_cash_withdrawal;failed_transfer;pin_blocked,0.8124938011169434,0.8392271161079407,0.8812812566757202
experiment3_near_ood_difficulty,Classifier-output scoring,Logistic Regression + MaxLogit,MaxLogit,default classifier settings,validation_best_f1,eval,Near-OOD-hard,2734,1984,750,0.7738699596774193,0.4888471413850209,0.5161290322580645,-9.52241325378418,0.5526979324256177,0.4444444444444444,0.7306666666666667,0.7306666666666667,0.34526209677419356,0.6755669348939283,0.6927022849462365,1299,685,202,548,0.00014616688713431358,0.003911582753062248,lr_max_logit,loaded,hard,5,Refund_not_showing_up;exchange_rate;top_up_failed;top_up_reverted;transfer_not_received_by_recipient,0.8877683281898499,0.9233058452606201,0.9808476567268372
experiment3_near_ood_difficulty,Classifier-output scoring,Logistic Regression + Energy,Energy,default classifier settings,validation_best_f1,eval,Near-OOD-easy,2610,1984,626,0.8426952360094817,0.673078300459797,0.6502016129032258,-9.661263465881348,0.5672481710748453,0.43788010425716767,0.805111821086262,0.805111821086262,0.32610887096774194,0.7053639846743295,0.7395014750592601,1337,647,122,504,0.0001411670818924904,0.007746624760329723,lr_energy,loaded,easy,5,beneficiary_not_allowed;card_acceptance;card_delivery_estimate;supported_cards_and_currencies;verify_top_up,0.6859422326087952,0.7534713029861451,0.7978203296661377
experiment3_near_ood_difficulty,Classifier-output scoring,Logistic Regression + Energy,Energy,default classifier settings,validation_best_f1,eval,Near-OOD-medium,2746,1984,762,0.819647402315638,0.628521852331387,0.8084677419354839,-9.661263465881348,0.6220048899755501,0.49571317225253314,0.8346456692913385,0.8346456692913385,0.32610887096774194,0.7184996358339403,0.7542683991617983,1337,647,126,636,0.0001411670818924904,0.007746624760329723,lr_energy,loaded,medium,5,card_payment_not_recognised;cash_withdrawal_not_recognised;declined_cash_withdrawal;failed_transfer;pin_blocked,0.8124938011169434,0.8392271161079407,0.8812812566757202
experiment3_near_ood_difficulty,Classifier-output scoring,Logistic Regression + Energy,Energy,default classifier settings,validation_best_f1,eval,Near-OOD-hard,2734,1984,750,0.7623672715053763,0.4626093412969953,0.5327620967741935,-9.661263465881348,0.5671794871794872,0.4608333333333333,0.7373333333333333,0.7373333333333333,0.32610887096774194,0.6912948061448427,0.7056122311827957,1337,647,197,553,0.0001411670818924904,0.007746624760329723,lr_energy,loaded,hard,5,Refund_not_showing_up;exchange_rate;top_up_failed;top_up_reverted;transfer_not_received_by_recipient,0.8877683281898499,0.9233058452606201,0.9808476567268372
experiment3_near_ood_difficulty,Classifier-output scoring,MLP + MSP,MSP,default classifier settings,validation_best_f1,eval,Near-OOD-easy,2610,1984,626,0.8119891238534473,0.5699645626695666,0.6149193548387096,1.9073486328125e-05,0.5328852616418627,0.3809196980096088,0.8865814696485623,0.8865814696485623,0.45463709677419356,0.6272030651340996,0.7159721864371844,1082,902,71,555,0.003244957886636257,0.023851000238209963,mlp_msp,loaded,easy,5,beneficiary_not_allowed;card_acceptance;card_delivery_estimate;supported_cards_and_currencies;verify_top_up,0.6859422326087952,0.7534713029861451,0.7978203296661377
experiment3_near_ood_difficulty,Classifier-output scoring,MLP + MSP,MSP,default classifier settings,validation_best_f1,eval,Near-OOD-medium,2746,1984,762,0.7701659205401745,0.5719795667425605,0.751008064516129,1.9073486328125e-05,0.5409907935116177,0.40618828176431865,0.8097112860892388,0.8097112860892388,0.45463709677419356,0.6187181354697742,0.6775370946575227,1082,902,145,617,0.003244957886636257,0.023851000238209963,mlp_msp,loaded,medium,5,card_payment_not_recognised;cash_withdrawal_not_recognised;declined_cash_withdrawal;failed_transfer;pin_blocked,0.8124938011169434,0.8392271161079407,0.8812812566757202
experiment3_near_ood_difficulty,Classifier-output scoring,MLP + MSP,MSP,default classifier settings,validation_best_f1,eval,Near-OOD-hard,2734,1984,750,0.7003830645161291,0.46296196755287106,0.8125,1.9073486328125e-05,0.49886415265788275,0.3783597518952447,0.732,0.732,0.45463709677419356,0.5965618141916605,0.6386814516129032,1082,902,201,549,0.003244957886636257,0.023851000238209963,mlp_msp,loaded,hard,5,Refund_not_showing_up;exchange_rate;top_up_failed;top_up_reverted;transfer_not_received_by_recipient,0.8877683281898499,0.9233058452606201,0.9808476567268372
experiment3_near_ood_difficulty,Classifier-output scoring,MLP + Entropy,Entropy,default classifier settings,validation_best_f1,eval,Near-OOD-easy,2610,1984,626,0.813436404977842,0.579568678248644,0.6134072580645161,0.00023175675596576184,0.5325670498084292,0.3803009575923393,0.8881789137380192,0.8881789137380192,0.4566532258064516,0.6260536398467433,0.7157628439657837,1078,906,70,556,0.0014055408537387848,0.027415667194873095,mlp_entropy,loaded,easy,5,beneficiary_not_allowed;card_acceptance;card_delivery_estimate;supported_cards_and_currencies;verify_top_up,0.6859422326087952,0.7534713029861451,0.7978203296661377
experiment3_near_ood_difficulty,Classifier-output scoring,MLP + Entropy,Entropy,default classifier settings,validation_best_f1,eval,Near-OOD-medium,2746,1984,762,0.7697293571670476,0.5686321741982672,0.7404233870967742,0.00023175675596576184,0.5406824146981627,0.40551181102362205,0.8110236220472441,0.8110236220472441,0.4566532258064516,0.6176256372906045,0.6771851981203962,1078,906,144,618,0.0014055408537387848,0.027415667194873095,mlp_entropy,loaded,medium,5,card_payment_not_recognised;cash_withdrawal_not_recognised;declined_cash_withdrawal;failed_transfer;pin_blocked,0.8124938011169434,0.8392271161079407,0.8812812566757202
experiment3_near_ood_difficulty,Classifier-output scoring,MLP + Entropy,Entropy,default classifier settings,validation_best_f1,eval,Near-OOD-hard,2734,1984,750,0.6992426075268817,0.45697907575468644,0.8119959677419355,0.00023175675596576184,0.49795918367346936,0.37731958762886597,0.732,0.732,0.4566532258064516,0.5950987564008778,0.6376733870967741,1078,906,201,549,0.0014055408537387848,0.027415667194873095,mlp_entropy,loaded,hard,5,Refund_not_showing_up;exchange_rate;top_up_failed;top_up_reverted;transfer_not_received_by_recipient,0.8877683281898499,0.9233058452606201,0.9808476567268372
experiment3_near_ood_difficulty,Classifier-output scoring,MLP + Margin,Margin,default classifier settings,validation_best_f1,eval,Near-OOD-easy,2610,1984,626,0.810641280402968,0.5563288711390293,0.6214717741935484,3.8623809814453125e-05,0.5327510917030568,0.38257839721254355,0.8769968051118211,0.8769968051118211,0.4465725806451613,0.6310344827586207,0.7152121122333299,1098,886,77,549,0.0011823750101029873,0.023506333120167255,mlp_margin,loaded,easy,5,beneficiary_not_allowed;card_acceptance;card_delivery_estimate;supported_cards_and_currencies;verify_top_up,0.6859422326087952,0.7534713029861451,0.7978203296661377
experiment3_near_ood_difficulty,Classifier-output scoring,MLP + Margin,Margin,default classifier settings,validation_best_f1,eval,Near-OOD-medium,2746,1984,762,0.7713717614935229,0.5693329685664784,0.7414314516129032,3.8623809814453125e-05,0.5428824049513705,0.4093333333333333,0.8057742782152231,0.8057742782152231,0.4465725806451613,0.6234522942461762,0.6796008487850309,1098,886,148,614,0.0011823750101029873,0.023506333120167255,mlp_margin,loaded,medium,5,card_payment_not_recognised;cash_withdrawal_not_recognised;declined_cash_withdrawal;failed_transfer;pin_blocked,0.8124938011169434,0.8392271161079407,0.8812812566757202
experiment3_near_ood_difficulty,Classifier-output scoring,MLP + Margin,Margin,default classifier settings,validation_best_f1,eval,Near-OOD-hard,2734,1984,750,0.702077620967742,0.46594800064882835,0.8044354838709677,3.8623809814453125e-05,0.5011452130096198,0.38171667829727846,0.7293333333333333,0.7293333333333333,0.4465725806451613,0.6016825164594002,0.641380376344086,1098,886,203,547,0.0011823750101029873,0.023506333120167255,mlp_margin,loaded,hard,5,Refund_not_showing_up;exchange_rate;top_up_failed;top_up_reverted;transfer_not_received_by_recipient,0.8877683281898499,0.9233058452606201,0.9808476567268372
experiment3_near_ood_difficulty,Classifier-output scoring,MLP + MaxLogit_logprob_proxy,MaxLogit_logprob_proxy,default classifier settings,validation_best_f1,eval,Near-OOD-easy,2610,1984,626,0.8119891238534473,0.5699645626695666,0.6149193548387096,1.9073668227065355e-05,0.5328852616418627,0.3809196980096088,0.8865814696485623,0.8865814696485623,0.45463709677419356,0.6272030651340996,0.7159721864371844,1082,902,71,555,0.0011793747544288635,0.02326699998229742,mlp_max_logit,loaded,easy,5,beneficiary_not_allowed;card_acceptance;card_delivery_estimate;supported_cards_and_currencies;verify_top_up,0.6859422326087952,0.7534713029861451,0.7978203296661377
experiment3_near_ood_difficulty,Classifier-output scoring,MLP + MaxLogit_logprob_proxy,MaxLogit_logprob_proxy,default classifier settings,validation_best_f1,eval,Near-OOD-medium,2746,1984,762,0.7701659205401745,0.5719795667425605,0.751008064516129,1.9073668227065355e-05,0.5409907935116177,0.40618828176431865,0.8097112860892388,0.8097112860892388,0.45463709677419356,0.6187181354697742,0.6775370946575227,1082,902,145,617,0.0011793747544288635,0.02326699998229742,mlp_max_logit,loaded,medium,5,card_payment_not_recognised;cash_withdrawal_not_recognised;declined_cash_withdrawal;failed_transfer;pin_blocked,0.8124938011169434,0.8392271161079407,0.8812812566757202
experiment3_near_ood_difficulty,Classifier-output scoring,MLP + MaxLogit_logprob_proxy,MaxLogit_logprob_proxy,default classifier settings,validation_best_f1,eval,Near-OOD-hard,2734,1984,750,0.7003830645161291,0.46296196755287106,0.8125,1.9073668227065355e-05,0.49886415265788275,0.3783597518952447,0.732,0.732,0.45463709677419356,0.5965618141916605,0.6386814516129032,1082,902,201,549,0.0011793747544288635,0.02326699998229742,mlp_max_logit,loaded,hard,5,Refund_not_showing_up;exchange_rate;top_up_failed;top_up_reverted;transfer_not_received_by_recipient,0.8877683281898499,0.9233058452606201,0.9808476567268372
experiment3_near_ood_difficulty,Classifier-output scoring,Gaussian Naive Bayes + MSP,MSP,default classifier settings,validation_best_f1,eval,Near-OOD-easy,2610,1984,626,0.6129970273369061,0.32289397382852275,1.0,0.0,0.3868974042027194,0.23984674329501915,1.0,1.0,1.0,0.23984674329501915,0.5,0,1984,0,626,0.0008890409953892231,0.16103200009092689,gnb_msp,loaded,easy,5,beneficiary_not_allowed;card_acceptance;card_delivery_estimate;supported_cards_and_currencies;verify_top_up,0.6859422326087952,0.7534713029861451,0.7978203296661377
experiment3_near_ood_difficulty,Classifier-output scoring,Gaussian Naive Bayes + MSP,MSP,default classifier settings,validation_best_f1,eval,Near-OOD-medium,2746,1984,762,0.6373924466598933,0.3962378470634915,1.0,0.0,0.43443557582668185,0.27749453750910413,1.0,1.0,1.0,0.27749453750910413,0.5,0,1984,0,762,0.0008890409953892231,0.16103200009092689,gnb_msp,loaded,medium,5,card_payment_not_recognised;cash_withdrawal_not_recognised;declined_cash_withdrawal;failed_transfer;pin_blocked,0.8124938011169434,0.8392271161079407,0.8812812566757202
experiment3_near_ood_difficulty,Classifier-output scoring,Gaussian Naive Bayes + MSP,MSP,default classifier settings,validation_best_f1,eval,Near-OOD-hard,2734,1984,750,0.6985803091397849,0.46879746306322795,1.0,0.0,0.4305396096440873,0.274323335771763,1.0,1.0,1.0,0.274323335771763,0.5,0,1984,0,750,0.0008890409953892231,0.16103200009092689,gnb_msp,loaded,hard,5,Refund_not_showing_up;exchange_rate;top_up_failed;top_up_reverted;transfer_not_received_by_recipient,0.8877683281898499,0.9233058452606201,0.9808476567268372
experiment3_near_ood_difficulty,Classifier-output scoring,Gaussian Naive Bayes + Entropy,Entropy,default classifier settings,validation_best_f1,eval,Near-OOD-easy,2610,1984,626,0.7461851360403998,0.41681734307076135,1.0,4.344025239406933e-43,0.5190697674418605,0.3661417322834646,0.8913738019169329,0.8913738019169329,0.48689516129032256,0.6038314176245211,0.7022393203133052,1018,966,68,558,0.00020999973639845848,0.1583065828308463,gnb_entropy,loaded,easy,5,beneficiary_not_allowed;card_acceptance;card_delivery_estimate;supported_cards_and_currencies;verify_top_up,0.6859422326087952,0.7534713029861451,0.7978203296661377
experiment3_near_ood_difficulty,Classifier-output scoring,Gaussian Naive Bayes + Entropy,Entropy,default classifier settings,validation_best_f1,eval,Near-OOD-medium,2746,1984,762,0.7663463217551435,0.4972716201374284,1.0,4.344025239406933e-43,0.5659751037344398,0.41383495145631066,0.89501312335958,0.89501312335958,0.48689516129032256,0.6190823015294975,0.7040589810346287,1018,966,80,682,0.00020999973639845848,0.1583065828308463,gnb_entropy,loaded,medium,5,card_payment_not_recognised;cash_withdrawal_not_recognised;declined_cash_withdrawal;failed_transfer;pin_blocked,0.8124938011169434,0.8392271161079407,0.8812812566757202
experiment3_near_ood_difficulty,Classifier-output scoring,Gaussian Naive Bayes + Entropy,Entropy,default classifier settings,validation_best_f1,eval,Near-OOD-hard,2734,1984,750,0.7477422715053765,0.5316586811386188,1.0,4.344025239406933e-43,0.5136422693806842,0.38037203335471453,0.7906666666666666,0.7906666666666666,0.48689516129032256,0.5892465252377469,0.6518857526881721,1018,966,157,593,0.00020999973639845848,0.1583065828308463,gnb_entropy,loaded,hard,5,Refund_not_showing_up;exchange_rate;top_up_failed;top_up_reverted;transfer_not_received_by_recipient,0.8877683281898499,0.9233058452606201,0.9808476567268372
experiment3_near_ood_difficulty,Classifier-output scoring,Gaussian Naive Bayes + Margin,Margin,default classifier settings,validation_best_f1,eval,Near-OOD-easy,2610,1984,626,0.6296888687776977,0.3352023754980531,1.0,0.0,0.3868974042027194,0.23984674329501915,1.0,1.0,1.0,0.23984674329501915,0.5,0,1984,0,626,0.0002038329839706421,0.16272399993613362,gnb_margin,loaded,easy,5,beneficiary_not_allowed;card_acceptance;card_delivery_estimate;supported_cards_and_currencies;verify_top_up,0.6859422326087952,0.7534713029861451,0.7978203296661377
experiment3_near_ood_difficulty,Classifier-output scoring,Gaussian Naive Bayes + Margin,Margin,default classifier settings,validation_best_f1,eval,Near-OOD-medium,2746,1984,762,0.6508779554017442,0.4096085797989111,1.0,0.0,0.43443557582668185,0.27749453750910413,1.0,1.0,1.0,0.27749453750910413,0.5,0,1984,0,762,0.0002038329839706421,0.16272399993613362,gnb_margin,loaded,medium,5,card_payment_not_recognised;cash_withdrawal_not_recognised;declined_cash_withdrawal;failed_transfer;pin_blocked,0.8124938011169434,0.8392271161079407,0.8812812566757202
experiment3_near_ood_difficulty,Classifier-output scoring,Gaussian Naive Bayes + Margin,Margin,default classifier settings,validation_best_f1,eval,Near-OOD-hard,2734,1984,750,0.7172345430107528,0.48666854107615487,1.0,0.0,0.4305396096440873,0.274323335771763,1.0,1.0,1.0,0.274323335771763,0.5,0,1984,0,750,0.0002038329839706421,0.16272399993613362,gnb_margin,loaded,hard,5,Refund_not_showing_up;exchange_rate;top_up_failed;top_up_reverted;transfer_not_received_by_recipient,0.8877683281898499,0.9233058452606201,0.9808476567268372
experiment3_near_ood_difficulty,Classifier-output scoring,Gaussian Naive Bayes + MaxLogit_logprob_proxy,MaxLogit_logprob_proxy,default classifier settings,validation_best_f1,eval,Near-OOD-easy,2610,1984,626,0.6129970273369061,0.32289397382852275,1.0,-0.0,0.3868974042027194,0.23984674329501915,1.0,1.0,1.0,0.23984674329501915,0.5,0,1984,0,626,0.0002198745496571064,0.16755804186686873,gnb_max_logit,loaded,easy,5,beneficiary_not_allowed;card_acceptance;card_delivery_estimate;supported_cards_and_currencies;verify_top_up,0.6859422326087952,0.7534713029861451,0.7978203296661377
experiment3_near_ood_difficulty,Classifier-output scoring,Gaussian Naive Bayes + MaxLogit_logprob_proxy,MaxLogit_logprob_proxy,default classifier settings,validation_best_f1,eval,Near-OOD-medium,2746,1984,762,0.6373924466598933,0.3962378470634915,1.0,-0.0,0.43443557582668185,0.27749453750910413,1.0,1.0,1.0,0.27749453750910413,0.5,0,1984,0,762,0.0002198745496571064,0.16755804186686873,gnb_max_logit,loaded,medium,5,card_payment_not_recognised;cash_withdrawal_not_recognised;declined_cash_withdrawal;failed_transfer;pin_blocked,0.8124938011169434,0.8392271161079407,0.8812812566757202
experiment3_near_ood_difficulty,Classifier-output scoring,Gaussian Naive Bayes + MaxLogit_logprob_proxy,MaxLogit_logprob_proxy,default classifier settings,validation_best_f1,eval,Near-OOD-hard,2734,1984,750,0.6985803091397849,0.46879746306322795,1.0,-0.0,0.4305396096440873,0.274323335771763,1.0,1.0,1.0,0.274323335771763,0.5,0,1984,0,750,0.0002198745496571064,0.16755804186686873,gnb_max_logit,loaded,hard,5,Refund_not_showing_up;exchange_rate;top_up_failed;top_up_reverted;transfer_not_received_by_recipient,0.8877683281898499,0.9233058452606201,0.9808476567268372
experiment3_near_ood_difficulty,Classifier-output scoring,LDA + MSP,MSP,default classifier settings,validation_best_f1,eval,Near-OOD-easy,2610,1984,626,0.5794736486138308,0.2941406837401457,1.0,0.0,0.3868974042027194,0.23984674329501915,1.0,1.0,1.0,0.23984674329501915,0.5,0,1984,0,626,0.002372541930526495,0.009614167269319296,lda_msp,loaded,easy,5,beneficiary_not_allowed;card_acceptance;card_delivery_estimate;supported_cards_and_currencies;verify_top_up,0.6859422326087952,0.7534713029861451,0.7978203296661377
experiment3_near_ood_difficulty,Classifier-output scoring,LDA + MSP,MSP,default classifier settings,validation_best_f1,eval,Near-OOD-medium,2746,1984,762,0.5767905051435103,0.3381746151928666,1.0,0.0,0.43443557582668185,0.27749453750910413,1.0,1.0,1.0,0.27749453750910413,0.5,0,1984,0,762,0.002372541930526495,0.009614167269319296,lda_msp,loaded,medium,5,card_payment_not_recognised;cash_withdrawal_not_recognised;declined_cash_withdrawal;failed_transfer;pin_blocked,0.8124938011169434,0.8392271161079407,0.8812812566757202
experiment3_near_ood_difficulty,Classifier-output scoring,LDA + MSP,MSP,default classifier settings,validation_best_f1,eval,Near-OOD-hard,2734,1984,750,0.6148716397849462,0.3695579900546452,1.0,0.0,0.4305396096440873,0.274323335771763,1.0,1.0,1.0,0.274323335771763,0.5,0,1984,0,750,0.002372541930526495,0.009614167269319296,lda_msp,loaded,hard,5,Refund_not_showing_up;exchange_rate;top_up_failed;top_up_reverted;transfer_not_received_by_recipient,0.8877683281898499,0.9233058452606201,0.9808476567268372
experiment3_near_ood_difficulty,Classifier-output scoring,LDA + Entropy,Entropy,default classifier settings,validation_best_f1,eval,Near-OOD-easy,2610,1984,626,0.6673821884984025,0.3501979012407863,1.0,0.0,0.3868974042027194,0.23984674329501915,1.0,1.0,1.0,0.23984674329501915,0.5,0,1984,0,626,0.000380499754101038,0.012790082953870296,lda_entropy,loaded,easy,5,beneficiary_not_allowed;card_acceptance;card_delivery_estimate;supported_cards_and_currencies;verify_top_up,0.6859422326087952,0.7534713029861451,0.7978203296661377
experiment3_near_ood_difficulty,Classifier-output scoring,LDA + Entropy,Entropy,default classifier settings,validation_best_f1,eval,Near-OOD-medium,2746,1984,762,0.676417243459487,0.40580725825266445,1.0,0.0,0.43443557582668185,0.27749453750910413,1.0,1.0,1.0,0.27749453750910413,0.5,0,1984,0,762,0.000380499754101038,0.012790082953870296,lda_entropy,loaded,medium,5,card_payment_not_recognised;cash_withdrawal_not_recognised;declined_cash_withdrawal;failed_transfer;pin_blocked,0.8124938011169434,0.8392271161079407,0.8812812566757202
experiment3_near_ood_difficulty,Classifier-output scoring,LDA + Entropy,Entropy,default classifier settings,validation_best_f1,eval,Near-OOD-hard,2734,1984,750,0.7241001344086021,0.45886258517866413,1.0,0.0,0.4305396096440873,0.274323335771763,1.0,1.0,1.0,0.274323335771763,0.5,0,1984,0,750,0.000380499754101038,0.012790082953870296,lda_entropy,loaded,hard,5,Refund_not_showing_up;exchange_rate;top_up_failed;top_up_reverted;transfer_not_received_by_recipient,0.8877683281898499,0.9233058452606201,0.9808476567268372
experiment3_near_ood_difficulty,Classifier-output scoring,LDA + Margin,Margin,default classifier settings,validation_best_f1,eval,Near-OOD-easy,2610,1984,626,0.5798009475162321,0.294318745055008,1.0,0.0,0.3868974042027194,0.23984674329501915,1.0,1.0,1.0,0.23984674329501915,0.5,0,1984,0,626,0.00036016711965203285,0.014738583005964756,lda_margin,loaded,easy,5,beneficiary_not_allowed;card_acceptance;card_delivery_estimate;supported_cards_and_currencies;verify_top_up,0.6859422326087952,0.7534713029861451,0.7978203296661377
experiment3_near_ood_difficulty,Classifier-output scoring,LDA + Margin,Margin,default classifier settings,validation_best_f1,eval,Near-OOD-medium,2746,1984,762,0.5793060362162392,0.3394773047683914,1.0,0.0,0.43443557582668185,0.27749453750910413,1.0,1.0,1.0,0.27749453750910413,0.5,0,1984,0,762,0.00036016711965203285,0.014738583005964756,lda_margin,loaded,medium,5,card_payment_not_recognised;cash_withdrawal_not_recognised;declined_cash_withdrawal;failed_transfer;pin_blocked,0.8124938011169434,0.8392271161079407,0.8812812566757202
experiment3_near_ood_difficulty,Classifier-output scoring,LDA + Margin,Margin,default classifier settings,validation_best_f1,eval,Near-OOD-hard,2734,1984,750,0.6192207661290323,0.3721955604139622,1.0,0.0,0.4305396096440873,0.274323335771763,1.0,1.0,1.0,0.274323335771763,0.5,0,1984,0,750,0.00036016711965203285,0.014738583005964756,lda_margin,loaded,hard,5,Refund_not_showing_up;exchange_rate;top_up_failed;top_up_reverted;transfer_not_received_by_recipient,0.8877683281898499,0.9233058452606201,0.9808476567268372
experiment3_near_ood_difficulty,Classifier-output scoring,LDA + MaxLogit,MaxLogit,default classifier settings,validation_best_f1,eval,Near-OOD-easy,2610,1984,626,0.8711545398330413,0.704886147443557,0.6118951612903226,-232.3492889404297,0.6063037249283668,0.4727435210008937,0.8450479233226837,0.8450479233226837,0.2973790322580645,0.7367816091954023,0.7738344455323096,1394,590,97,529,0.00041012512519955635,0.0071312920190393925,lda_max_logit,loaded,easy,5,beneficiary_not_allowed;card_acceptance;card_delivery_estimate;supported_cards_and_currencies;verify_top_up,0.6859422326087952,0.7534713029861451,0.7978203296661377
experiment3_near_ood_difficulty,Classifier-output scoring,LDA + MaxLogit,MaxLogit,default classifier settings,validation_best_f1,eval,Near-OOD-medium,2746,1984,762,0.7947292248751164,0.6334638788294185,0.938508064516129,-232.3492889404297,0.6204081632653061,0.5075125208681135,0.7979002624671916,0.7979002624671916,0.2973790322580645,0.729060451565914,0.7502606151045635,1394,590,154,608,0.00041012512519955635,0.0071312920190393925,lda_max_logit,loaded,medium,5,card_payment_not_recognised;cash_withdrawal_not_recognised;declined_cash_withdrawal;failed_transfer;pin_blocked,0.8124938011169434,0.8392271161079407,0.8812812566757202
experiment3_near_ood_difficulty,Classifier-output scoring,LDA + MaxLogit,MaxLogit,default classifier settings,validation_best_f1,eval,Near-OOD-hard,2734,1984,750,0.778698252688172,0.5055074035581,0.5246975806451613,-232.3492889404297,0.555256064690027,0.4660633484162896,0.6866666666666666,0.6866666666666666,0.2973790322580645,0.6982443306510607,0.694643817204301,1394,590,235,515,0.00041012512519955635,0.0071312920190393925,lda_max_logit,loaded,hard,5,Refund_not_showing_up;exchange_rate;top_up_failed;top_up_reverted;transfer_not_received_by_recipient,0.8877683281898499,0.9233058452606201,0.9808476567268372
experiment3_near_ood_difficulty,Classifier-output scoring,LDA + Energy,Energy,default classifier settings,validation_best_f1,eval,Near-OOD-easy,2610,1984,626,0.8711569553230959,0.70488285244975,0.6118951612903226,-232.3492889404297,0.6063037249283668,0.4727435210008937,0.8450479233226837,0.8450479233226837,0.2973790322580645,0.7367816091954023,0.7738344455323096,1394,590,97,529,0.00036008376628160477,0.012743082828819752,lda_energy,loaded,easy,5,beneficiary_not_allowed;card_acceptance;card_delivery_estimate;supported_cards_and_currencies;verify_top_up,0.6859422326087952,0.7534713029861451,0.7978203296661377
experiment3_near_ood_difficulty,Classifier-output scoring,LDA + Energy,Energy,default classifier settings,validation_best_f1,eval,Near-OOD-medium,2746,1984,762,0.7947345165523665,0.6334873277730841,0.938508064516129,-232.3492889404297,0.6204081632653061,0.5075125208681135,0.7979002624671916,0.7979002624671916,0.2973790322580645,0.729060451565914,0.7502606151045635,1394,590,154,608,0.00036008376628160477,0.012743082828819752,lda_energy,loaded,medium,5,card_payment_not_recognised;cash_withdrawal_not_recognised;declined_cash_withdrawal;failed_transfer;pin_blocked,0.8124938011169434,0.8392271161079407,0.8812812566757202
experiment3_near_ood_difficulty,Classifier-output scoring,LDA + Energy,Energy,default classifier settings,validation_best_f1,eval,Near-OOD-hard,2734,1984,750,0.7786888440860216,0.5054759782363341,0.5246975806451613,-232.3492889404297,0.555256064690027,0.4660633484162896,0.6866666666666666,0.6866666666666666,0.2973790322580645,0.6982443306510607,0.694643817204301,1394,590,235,515,0.00036008376628160477,0.012743082828819752,lda_energy,loaded,hard,5,Refund_not_showing_up;exchange_rate;top_up_failed;top_up_reverted;transfer_not_received_by_recipient,0.8877683281898499,0.9233058452606201,0.9808476567268372
experiment3_near_ood_difficulty,Classifier-output scoring,QDA + MSP,MSP,default classifier settings,validation_best_f1,eval,Near-OOD-easy,2610,1984,626,0.5103797633463877,0.24010986281367178,1.0,0.0,0.3868974042027194,0.23984674329501915,1.0,1.0,1.0,0.23984674329501915,0.5,0,1984,0,626,0.0032977499067783356,0.09155541704967618,qda_msp,loaded,easy,5,beneficiary_not_allowed;card_acceptance;card_delivery_estimate;supported_cards_and_currencies;verify_top_up,0.6859422326087952,0.7534713029861451,0.7978203296661377
experiment3_near_ood_difficulty,Classifier-output scoring,QDA + MSP,MSP,default classifier settings,validation_best_f1,eval,Near-OOD-medium,2746,1984,762,0.5577222769028871,0.317759418936236,1.0,0.0,0.43443557582668185,0.27749453750910413,1.0,1.0,1.0,0.27749453750910413,0.5,0,1984,0,762,0.0032977499067783356,0.09155541704967618,qda_msp,loaded,medium,5,card_payment_not_recognised;cash_withdrawal_not_recognised;declined_cash_withdrawal;failed_transfer;pin_blocked,0.8124938011169434,0.8392271161079407,0.8812812566757202
experiment3_near_ood_difficulty,Classifier-output scoring,QDA + MSP,MSP,default classifier settings,validation_best_f1,eval,Near-OOD-hard,2734,1984,750,0.5924368279569893,0.35327237827120367,1.0,0.0,0.4305396096440873,0.274323335771763,1.0,1.0,1.0,0.274323335771763,0.5,0,1984,0,750,0.0032977499067783356,0.09155541704967618,qda_msp,loaded,hard,5,Refund_not_showing_up;exchange_rate;top_up_failed;top_up_reverted;transfer_not_received_by_recipient,0.8877683281898499,0.9233058452606201,0.9808476567268372
experiment3_near_ood_difficulty,Classifier-output scoring,QDA + Entropy,Entropy,default classifier settings,validation_best_f1,eval,Near-OOD-easy,2610,1984,626,0.5577016290064928,0.2565259838429065,1.0,0.0,0.3868974042027194,0.23984674329501915,1.0,1.0,1.0,0.23984674329501915,0.5,0,1984,0,626,0.002635500393807888,0.09230870800092816,qda_entropy,loaded,easy,5,beneficiary_not_allowed;card_acceptance;card_delivery_estimate;supported_cards_and_currencies;verify_top_up,0.6859422326087952,0.7534713029861451,0.7978203296661377
experiment3_near_ood_difficulty,Classifier-output scoring,QDA + Entropy,Entropy,default classifier settings,validation_best_f1,eval,Near-OOD-medium,2746,1984,762,0.6366833619083905,0.36289788952887525,1.0,0.0,0.43443557582668185,0.27749453750910413,1.0,1.0,1.0,0.27749453750910413,0.5,0,1984,0,762,0.002635500393807888,0.09230870800092816,qda_entropy,loaded,medium,5,card_payment_not_recognised;cash_withdrawal_not_recognised;declined_cash_withdrawal;failed_transfer;pin_blocked,0.8124938011169434,0.8392271161079407,0.8812812566757202
experiment3_near_ood_difficulty,Classifier-output scoring,QDA + Entropy,Entropy,default classifier settings,validation_best_f1,eval,Near-OOD-hard,2734,1984,750,0.6689411962365591,0.4036606087318714,1.0,0.0,0.4305396096440873,0.274323335771763,1.0,1.0,1.0,0.274323335771763,0.5,0,1984,0,750,0.002635500393807888,0.09230870800092816,qda_entropy,loaded,hard,5,Refund_not_showing_up;exchange_rate;top_up_failed;top_up_reverted;transfer_not_received_by_recipient,0.8877683281898499,0.9233058452606201,0.9808476567268372
experiment3_near_ood_difficulty,Classifier-output scoring,QDA + Margin,Margin,default classifier settings,validation_best_f1,eval,Near-OOD-easy,2610,1984,626,0.5120440359940225,0.2403364439196759,1.0,0.0,0.3868974042027194,0.23984674329501915,1.0,1.0,1.0,0.23984674329501915,0.5,0,1984,0,626,0.0004812912084162235,0.0920227081514895,qda_margin,loaded,easy,5,beneficiary_not_allowed;card_acceptance;card_delivery_estimate;supported_cards_and_currencies;verify_top_up,0.6859422326087952,0.7534713029861451,0.7978203296661377
experiment3_near_ood_difficulty,Classifier-output scoring,QDA + Margin,Margin,default classifier settings,validation_best_f1,eval,Near-OOD-medium,2746,1984,762,0.5584634424477182,0.3187809093248927,1.0,0.0,0.43443557582668185,0.27749453750910413,1.0,1.0,1.0,0.27749453750910413,0.5,0,1984,0,762,0.0004812912084162235,0.0920227081514895,qda_margin,loaded,medium,5,card_payment_not_recognised;cash_withdrawal_not_recognised;declined_cash_withdrawal;failed_transfer;pin_blocked,0.8124938011169434,0.8392271161079407,0.8812812566757202
experiment3_near_ood_difficulty,Classifier-output scoring,QDA + Margin,Margin,default classifier settings,validation_best_f1,eval,Near-OOD-hard,2734,1984,750,0.5927362231182793,0.3542641397613764,1.0,0.0,0.4305396096440873,0.274323335771763,1.0,1.0,1.0,0.274323335771763,0.5,0,1984,0,750,0.0004812912084162235,0.0920227081514895,qda_margin,loaded,hard,5,Refund_not_showing_up;exchange_rate;top_up_failed;top_up_reverted;transfer_not_received_by_recipient,0.8877683281898499,0.9233058452606201,0.9808476567268372
experiment3_near_ood_difficulty,Classifier-output scoring,QDA + MaxLogit_logprob_proxy,MaxLogit_logprob_proxy,default classifier settings,validation_best_f1,eval,Near-OOD-easy,2610,1984,626,0.9164796003813254,0.7628356968593303,0.3477822580645161,-72.27883911132812,0.6234860452869931,0.46504320502749413,0.9456869009584664,0.9456869009584664,0.3432459677419355,0.7260536398467433,0.8012204666082654,1303,681,34,592,0.00044883275404572487,0.0862695830874145,qda_max_logit,loaded,easy,5,beneficiary_not_allowed;card_acceptance;card_delivery_estimate;supported_cards_and_currencies;verify_top_up,0.6859422326087952,0.7534713029861451,0.7978203296661377
experiment3_near_ood_difficulty,Classifier-output scoring,QDA + MaxLogit_logprob_proxy,MaxLogit_logprob_proxy,default classifier settings,validation_best_f1,eval,Near-OOD-medium,2746,1984,762,0.8891955856828381,0.6557669969558679,0.27923387096774194,-72.27883911132812,0.6827932450935645,0.523442967109867,0.9816272965879265,0.9816272965879265,0.3432459677419355,0.7469045884923525,0.8191906644229955,1303,681,14,748,0.00044883275404572487,0.0862695830874145,qda_max_logit,loaded,medium,5,card_payment_not_recognised;cash_withdrawal_not_recognised;declined_cash_withdrawal;failed_transfer;pin_blocked,0.8124938011169434,0.8392271161079407,0.8812812566757202
experiment3_near_ood_difficulty,Classifier-output scoring,QDA + MaxLogit_logprob_proxy,MaxLogit_logprob_proxy,default classifier settings,validation_best_f1,eval,Near-OOD-hard,2734,1984,750,0.7817412634408601,0.5106701531782067,0.5579637096774194,-72.27883911132812,0.5838693715982187,0.46420141620771044,0.7866666666666666,0.7866666666666666,0.3432459677419355,0.6923920994879298,0.7217103494623656,1303,681,160,590,0.00044883275404572487,0.0862695830874145,qda_max_logit,loaded,hard,5,Refund_not_showing_up;exchange_rate;top_up_failed;top_up_reverted;transfer_not_received_by_recipient,0.8877683281898499,0.9233058452606201,0.9808476567268372
